Year,Tournaments,Sec,Date,Kick-off,Home,Score,Away,Venue,Att.,Score_Home,Score_Away,Result_Home,Result_Away
2017,J1,1st Day 1st Sec,2017-02-25 12:35:00,12:35,Yokohama F･M,3-2,Urawa,Nissan.S,39284,3,2,WIN,LOSS
2017,J1,1st Day 1st Sec,2017-02-25 14:04:00,14:04,Shimizu,0-1,Kobe,IAI.S,17861,0,1,LOSS,WIN
2017,J1,1st Day 1st Sec,2017-02-25 14:04:00,14:04,Kashima,0-1,FC-Tokyo,Kashima,28240,0,1,LOSS,WIN
2017,J1,1st Day 1st Sec,2017-02-25 14:04:00,14:04,Sendai,1-0,Sapporo,Yurtec.S,17230,1,0,WIN,LOSS
2017,J1,1st Day 1st Sec,2017-02-25 14:04:00,14:04,Hiroshima,1-1,Niigata,EDION Stadium.H,17545,1,1,DRAW,DRAW
2017,J1,1st Day 1st Sec,2017-02-25 14:05:00,14:05,Tosu,1-3,Kashiwa,Best Amenity.S,14355,1,3,LOSS,WIN
2017,J1,1st Day 1st Sec,2017-02-25 15:03:00,15:03,C-Osaka,0-0,Iwata,YANMAR STADIUM,33208,0,0,DRAW,DRAW
2017,J1,1st Day 1st Sec,2017-02-25 16:03:00,16:03,Omiya,0-2,Kawasaki-F,NACK5.S,11962,0,2,LOSS,WIN
2017,J1,2nd Day 1st Sec,2017-02-26 17:03:00,17:03,G-Osaka,1-1,Kofu,Suita S,21284,1,1,DRAW,DRAW
2017,J1,1st Day 2nd Sec,2017-03-04 14:01:00,14:01,Urawa,3-1,C-Osaka,Saitama.S,43826,3,1,WIN,LOSS
2017,J1,1st Day 2nd Sec,2017-03-04 14:04:00,14:04,Kofu,0-1,Kashima,Yamanashibank.S,13199,0,1,LOSS,WIN
2017,J1,1st Day 2nd Sec,2017-03-04 14:04:00,14:04,Hiroshima,0-1,Shimizu,EDION Stadium.H,13489,0,1,LOSS,WIN
2017,J1,1st Day 2nd Sec,2017-03-04 15:03:00,15:03,Iwata,0-1,Sendai,Yamaha,14554,0,1,LOSS,WIN
2017,J1,1st Day 2nd Sec,2017-03-04 15:04:00,15:04,FC-Tokyo,2-0,Omiya,Ajinomoto,27259,2,0,WIN,LOSS
2017,J1,1st Day 2nd Sec,2017-03-04 16:03:00,16:03,Kobe,2-1,Niigata,NOEVIR.S,25278,2,1,WIN,LOSS
2017,J1,1st Day 2nd Sec,2017-03-04 19:03:00,19:03,Yokohama F･M,3-0,Sapporo,NHK Mitsuzawa.F,12740,3,0,WIN,LOSS
2017,J1,2nd Day 2nd Sec,2017-03-05 15:03:00,15:03,Kashiwa,1-3,G-Osaka,Kashiwa,13649,1,3,LOSS,WIN
2017,J1,2nd Day 2nd Sec,2017-03-05 17:03:00,17:03,Kawasaki-F,1-1,Tosu,Todoroki,22705,1,1,DRAW,DRAW
2017,J1,1st Day 3rd Sec,2017-03-10 19:03:00,19:03,Kashima,1-0,Yokohama F･M,Kashima,12537,1,0,WIN,LOSS
2017,J1,1st Day 3rd Sec,2017-03-10 19:03:00,19:03,Kawasaki-F,2-1,Kashiwa,Todoroki,18608,2,1,WIN,LOSS
2017,J1,1st Day 3rd Sec,2017-03-10 19:33:00,19:33,Urawa,4-1,Kofu,Saitama.S,22711,4,1,WIN,LOSS
2017,J1,2nd Day 3rd Sec,2017-03-11 15:04:00,15:04,Omiya,1-2,Iwata,NACK5.S,11943,1,2,LOSS,WIN
2017,J1,2nd Day 3rd Sec,2017-03-11 15:05:00,15:05,Tosu,1-0,Hiroshima,Best Amenity.S,13004,1,0,WIN,LOSS
2017,J1,2nd Day 3rd Sec,2017-03-11 15:06:00,15:06,Sapporo,1-1,C-Osaka,Sapporo.D,21760,1,1,DRAW,DRAW
2017,J1,2nd Day 3rd Sec,2017-03-11 15:35:00,15:35,Niigata,0-2,Shimizu,DENKA BIG SWAN,31014,0,2,LOSS,WIN
2017,J1,2nd Day 3rd Sec,2017-03-11 16:05:00,16:05,Sendai,0-2,Kobe,Yurtec.S,14369,0,2,LOSS,WIN
2017,J1,2nd Day 3rd Sec,2017-03-11 19:03:00,19:03,G-Osaka,3-0,FC-Tokyo,Suita S,24292,3,0,WIN,LOSS
2017,J1,1st Day 4th Sec,2017-03-18 14:03:00,14:03,Shimizu,2-3,Kashima,IAI.S,16951,2,3,LOSS,WIN
2017,J1,1st Day 4th Sec,2017-03-18 14:03:00,14:03,Yokohama F･M,1-1,Niigata,Nissan.S,20191,1,1,DRAW,DRAW
2017,J1,1st Day 4th Sec,2017-03-18 14:03:00,14:03,Sapporo,2-1,Hiroshima,Sapporo.D,12624,2,1,WIN,LOSS
2017,J1,1st Day 4th Sec,2017-03-18 14:04:00,14:04,Kofu,1-0,Omiya,Yamanashibank.S,10079,1,0,WIN,LOSS
2017,J1,1st Day 4th Sec,2017-03-18 15:03:00,15:03,C-Osaka,1-0,Tosu,KINCHO.S,13086,1,0,WIN,LOSS
2017,J1,1st Day 4th Sec,2017-03-18 15:03:00,15:03,Kashiwa,0-1,Sendai,Kashiwa,9905,0,1,LOSS,WIN
2017,J1,1st Day 4th Sec,2017-03-18 16:03:00,16:03,Kobe,1-0,Iwata,NOEVIR.S,17027,1,0,WIN,LOSS
2017,J1,1st Day 4th Sec,2017-03-18 19:04:00,19:04,FC-Tokyo,3-0,Kawasaki-F,Ajinomoto,36311,3,0,WIN,LOSS
2017,J1,2nd Day 4th Sec,2017-03-19 17:03:00,17:03,G-Osaka,1-1,Urawa,Suita S,34733,1,1,DRAW,DRAW
2017,J1,1st Day 5th Sec,2017-04-01 14:03:00,14:03,Niigata,2-3,G-Osaka,DENKA BIG SWAN,20043,2,3,LOSS,WIN
2017,J1,1st Day 5th Sec,2017-04-01 14:03:00,14:03,Sendai,0-2,Kawasaki-F,Yurtec.S,13122,0,2,LOSS,WIN
2017,J1,1st Day 5th Sec,2017-04-01 14:04:00,14:04,Hiroshima,0-2,Kashiwa,EDION Stadium.H,13639,0,2,LOSS,WIN
2017,J1,1st Day 5th Sec,2017-04-01 15:03:00,15:03,Iwata,3-1,Shimizu,Ecopa,40491,3,1,WIN,LOSS
2017,J1,1st Day 5th Sec,2017-04-01 15:03:00,15:03,C-Osaka,2-0,Yokohama F･M,KINCHO.S,14455,2,0,WIN,LOSS
2017,J1,1st Day 5th Sec,2017-04-01 16:04:00,16:04,FC-Tokyo,3-3,Tosu,Ajinomoto,19669,3,3,DRAW,DRAW
2017,J1,1st Day 5th Sec,2017-04-01 16:04:00,16:04,Kobe,1-3,Urawa,NOEVIR.S,18889,1,3,LOSS,WIN
2017,J1,1st Day 5th Sec,2017-04-01 19:04:00,19:04,Omiya,0-1,Kashima,NACK5.S,11676,0,1,LOSS,WIN
2017,J1,2nd Day 5th Sec,2017-04-02 17:04:00,17:04,Kofu,2-0,Sapporo,Yamanashibank.S,10195,2,0,WIN,LOSS
2017,J1,1st Day 6th Sec,2017-04-07 19:03:00,19:03,G-Osaka,0-1,Hiroshima,Suita S,13521,0,1,LOSS,WIN
2017,J1,1st Day 6th Sec,2017-04-07 19:34:00,19:34,Urawa,7-0,Sendai,Saitama.S,25372,7,0,WIN,LOSS
2017,J1,2nd Day 6th Sec,2017-04-08 14:04:00,14:04,Kawasaki-F,1-1,Kofu,Todoroki,19867,1,1,DRAW,DRAW
2017,J1,2nd Day 6th Sec,2017-04-08 15:03:00,15:03,Kashiwa,0-2,Shimizu,Kashiwa,9432,0,2,LOSS,WIN
2017,J1,2nd Day 6th Sec,2017-04-08 15:03:00,15:03,Omiya,0-2,Kobe,NACK5.S,9598,0,2,LOSS,WIN
2017,J1,2nd Day 6th Sec,2017-04-08 15:03:00,15:03,Kashima,0-1,C-Osaka,Kashima,21078,0,1,LOSS,WIN
2017,J1,2nd Day 6th Sec,2017-04-08 15:04:00,15:04,Tosu,3-0,Niigata,Best Amenity.S,8990,3,0,WIN,LOSS
2017,J1,2nd Day 6th Sec,2017-04-08 19:03:00,19:03,Yokohama F･M,2-1,Iwata,Nissan.S,38803,2,1,WIN,LOSS
2017,J1,2nd Day 6th Sec,2017-04-08 19:03:00,19:03,Sapporo,2-1,FC-Tokyo,Sapporo.D,16948,2,1,WIN,LOSS
2017,J1,1st Day 7th Sec,2017-04-16 13:05:00,13:05,Kofu,0-2,Niigata,Yamanashibank.S,10472,0,2,LOSS,WIN
2017,J1,1st Day 7th Sec,2017-04-16 13:06:00,13:06,Shimizu,1-1,Omiya,IAI.S,16277,1,1,DRAW,DRAW
2017,J1,1st Day 7th Sec,2017-04-16 13:08:00,13:08,Sapporo,1-1,Kawasaki-F,Sapporo.D,18155,1,1,DRAW,DRAW
2017,J1,1st Day 7th Sec,2017-04-16 14:01:00,14:01,C-Osaka,2-2,G-Osaka,YANMAR STADIUM,42438,2,2,DRAW,DRAW
2017,J1,1st Day 7th Sec,2017-04-16 14:04:00,14:04,FC-Tokyo,0-1,Urawa,Ajinomoto,38248,0,1,LOSS,WIN
2017,J1,1st Day 7th Sec,2017-04-16 15:03:00,15:03,Iwata,2-1,Tosu,Yamaha,11910,2,1,WIN,LOSS
2017,J1,1st Day 7th Sec,2017-04-16 16:03:00,16:03,Kobe,1-2,Kashiwa,NOEVIR.S,14377,1,2,LOSS,WIN
2017,J1,1st Day 7th Sec,2017-04-16 17:04:00,17:04,Hiroshima,0-1,Yokohama F･M,EDION Stadium.H,12651,0,1,LOSS,WIN
2017,J1,1st Day 7th Sec,2017-04-16 19:03:00,19:03,Sendai,1-4,Kashima,Yurtec.S,13159,1,4,LOSS,WIN
2017,J1,1st Day 8th Sec,2017-04-21 19:03:00,19:03,G-Osaka,6-0,Omiya,Suita S,13074,6,0,WIN,LOSS
2017,J1,1st Day 8th Sec,2017-04-21 19:03:00,19:03,Kawasaki-F,2-2,Shimizu,Todoroki,17358,2,2,DRAW,DRAW
2017,J1,2nd Day 8th Sec,2017-04-22 14:03:00,14:03,Kofu,1-1,C-Osaka,Yamanashibank.S,11038,1,1,DRAW,DRAW
2017,J1,2nd Day 8th Sec,2017-04-22 14:04:00,14:04,Urawa,3-2,Sapporo,Saitama.S,36880,3,2,WIN,LOSS
2017,J1,2nd Day 8th Sec,2017-04-22 14:04:00,14:04,Hiroshima,3-3,Sendai,EDION Stadium.H,10814,3,3,DRAW,DRAW
2017,J1,2nd Day 8th Sec,2017-04-22 15:03:00,15:03,Kashima,0-3,Iwata,Kashima,18276,0,3,LOSS,WIN
2017,J1,2nd Day 8th Sec,2017-04-22 15:03:00,15:03,Kashiwa,2-0,Yokohama F･M,Kashiwa,10268,2,0,WIN,LOSS
2017,J1,2nd Day 8th Sec,2017-04-22 16:03:00,16:03,Niigata,0-3,FC-Tokyo,DENKA BIG SWAN,18292,0,3,LOSS,WIN
2017,J1,2nd Day 8th Sec,2017-04-22 19:04:00,19:04,Tosu,1-0,Kobe,Best Amenity.S,11088,1,0,WIN,LOSS
2017,J1,1st Day 9th Sec,2017-04-30 13:03:00,13:03,Shimizu,0-3,Sendai,IAI.S,15228,0,3,LOSS,WIN
2017,J1,1st Day 9th Sec,2017-04-30 14:03:00,14:03,Niigata,0-1,Kashiwa,DENKA BIG SWAN,19782,0,1,LOSS,WIN
2017,J1,1st Day 9th Sec,2017-04-30 15:03:00,15:03,Iwata,2-2,Sapporo,Yamaha,14495,2,2,DRAW,DRAW
2017,J1,1st Day 9th Sec,2017-04-30 15:04:00,15:04,Omiya,1-0,Urawa,NACK5.S,12401,1,0,WIN,LOSS
2017,J1,1st Day 9th Sec,2017-04-30 15:04:00,15:04,FC-Tokyo,1-0,Hiroshima,Ajinomoto,25037,1,0,WIN,LOSS
2017,J1,1st Day 9th Sec,2017-04-30 16:03:00,16:03,Kashima,2-1,Tosu,Kashima,18462,2,1,WIN,LOSS
2017,J1,1st Day 9th Sec,2017-04-30 16:03:00,16:03,Kobe,0-1,Kofu,NOEVIR.S,14662,0,1,LOSS,WIN
2017,J1,1st Day 9th Sec,2017-04-30 17:03:00,17:03,Yokohama F･M,0-1,G-Osaka,Nissan.S,31808,0,1,LOSS,WIN
2017,J1,1st Day 9th Sec,2017-04-30 19:05:00,19:05,C-Osaka,2-0,Kawasaki-F,YANMAR STADIUM,25738,2,0,WIN,LOSS
2017,J1,1st Day 10th Sec,2017-05-04 14:02:00,14:02,Urawa,0-1,Kashima,Saitama.S,57447,0,1,LOSS,WIN
2017,J1,2nd Day 10th Sec,2017-05-05 14:03:00,14:03,G-Osaka,1-1,Shimizu,Suita S,31948,1,1,DRAW,DRAW
2017,J1,2nd Day 10th Sec,2017-05-05 15:03:00,15:03,Kawasaki-F,3-0,Niigata,Todoroki,25095,3,0,WIN,LOSS
2017,J1,3rd Day 10th Sec,2017-05-06 13:03:00,13:03,Sapporo,1-0,Omiya,Sapporo.D,15498,1,0,WIN,LOSS
2017,J1,3rd Day 10th Sec,2017-05-06 14:03:00,14:03,Kashiwa,1-0,C-Osaka,Kashiwa,14015,1,0,WIN,LOSS
2017,J1,3rd Day 10th Sec,2017-05-06 19:05:00,19:05,Hiroshima,1-1,Kobe,EDION Stadium.H,13421,1,1,DRAW,DRAW
2017,J1,4th Day 10th Sec,2017-05-07 14:03:00,14:03,Kofu,0-0,Iwata,Yamanashibank.S,12622,0,0,DRAW,DRAW
2017,J1,4th Day 10th Sec,2017-05-07 14:05:00,14:05,Sendai,0-2,FC-Tokyo,Yurtec.S,17281,0,2,LOSS,WIN
2017,J1,4th Day 10th Sec,2017-05-07 17:04:00,17:04,Tosu,1-0,Yokohama F･M,Best Amenity.S,21245,1,0,WIN,LOSS
2017,J1,1st Day 11th Sec,2017-05-14 13:03:00,13:03,Shimizu,1-1,Tosu,IAI.S,14172,1,1,DRAW,DRAW
2017,J1,1st Day 11th Sec,2017-05-14 14:03:00,14:03,Yokohama F･M,1-0,Kofu,NHK SPRING .F,11036,1,0,WIN,LOSS
2017,J1,1st Day 11th Sec,2017-05-14 14:03:00,14:03,Kashima,1-2,Kobe,Kashima,18626,1,2,LOSS,WIN
2017,J1,1st Day 11th Sec,2017-05-14 14:03:00,14:03,Niigata,1-6,Urawa,DENKA BIG SWAN,30864,1,6,LOSS,WIN
2017,J1,1st Day 11th Sec,2017-05-14 15:03:00,15:03,C-Osaka,5-2,Hiroshima,KINCHO.S,14351,5,2,WIN,LOSS
2017,J1,1st Day 11th Sec,2017-05-14 15:03:00,15:03,Iwata,0-2,Kawasaki-F,Yamaha,13782,0,2,LOSS,WIN
2017,J1,1st Day 11th Sec,2017-05-14 15:04:00,15:04,FC-Tokyo,1-2,Kashiwa,Ajinomoto,23950,1,2,LOSS,WIN
2017,J1,1st Day 11th Sec,2017-05-14 17:04:00,17:04,Omiya,2-1,Sendai,NACK5.S,9920,2,1,WIN,LOSS
2017,J1,1st Day 11th Sec,2017-05-14 19:03:00,19:03,Sapporo,0-2,G-Osaka,Sapporo.D,21174,0,2,LOSS,WIN
2017,J1,1st Day 12th Sec,2017-05-19 19:03:00,19:03,Kashima,0-3,Kawasaki-F,Kashima,10838,0,3,LOSS,WIN
2017,J1,2nd Day 12th Sec,2017-05-20 14:03:00,14:03,Yokohama F･M,1-1,Sendai,Nissan.S,16758,1,1,DRAW,DRAW
2017,J1,2nd Day 12th Sec,2017-05-20 14:03:00,14:03,Niigata,1-0,Sapporo,DENKA BIG SWAN,19253,1,0,WIN,LOSS
2017,J1,2nd Day 12th Sec,2017-05-20 14:03:00,14:03,Kofu,1-2,Hiroshima,Yamanashibank.S,8653,1,2,LOSS,WIN
2017,J1,2nd Day 12th Sec,2017-05-20 14:04:00,14:04,Urawa,3-3,Shimizu,Saitama.S,33458,3,3,DRAW,DRAW
2017,J1,2nd Day 12th Sec,2017-05-20 14:04:00,14:04,Iwata,0-2,Kashiwa,Yamaha,13470,0,2,LOSS,WIN
2017,J1,2nd Day 12th Sec,2017-05-20 16:03:00,16:03,Omiya,0-3,C-Osaka,NACK5.S,11823,0,3,LOSS,WIN
2017,J1,2nd Day 12th Sec,2017-05-20 19:03:00,19:03,G-Osaka,3-0,Tosu,Suita S,21366,3,0,WIN,LOSS
2017,J1,2nd Day 12th Sec,2017-05-20 19:04:00,19:04,Kobe,1-1,FC-Tokyo,NOEVIR.S,24814,1,1,DRAW,DRAW
2017,J1,1st Day 13th Sec,2017-05-27 14:03:00,14:03,Shimizu,1-3,Yokohama F･M,IAI.S,12865,1,3,LOSS,WIN
2017,J1,1st Day 13th Sec,2017-05-27 14:05:00,14:05,Hiroshima,0-0,Iwata,EDION Stadium.H,13008,0,0,DRAW,DRAW
2017,J1,1st Day 13th Sec,2017-05-27 15:03:00,15:03,Kashiwa,4-2,Omiya,Kashiwa,10807,4,2,WIN,LOSS
2017,J1,1st Day 13th Sec,2017-05-27 19:04:00,19:04,Tosu,1-0,Sapporo,Best Amenity.S,14416,1,0,WIN,LOSS
2017,J1,2nd Day 13th Sec,2017-05-28 13:04:00,13:04,Sendai,2-1,Niigata,Yurtec.S,14259,2,1,WIN,LOSS
2017,J1,2nd Day 13th Sec,2017-05-28 16:04:00,16:04,FC-Tokyo,1-1,Kofu,Ajinomoto,18953,1,1,DRAW,DRAW
2017,J1,2nd Day 13th Sec,2017-05-28 17:03:00,17:03,Kobe,1-2,C-Osaka,NOEVIR.S,20391,1,2,LOSS,WIN
2017,J1,1st Day 14th Sec,2017-06-04 13:03:00,13:03,Shimizu,0-2,FC-Tokyo,IAI.S,13442,0,2,LOSS,WIN
2017,J1,1st Day 14th Sec,2017-06-04 13:03:00,13:03,Sapporo,1-2,Kobe,Sapporo.D,12644,1,2,LOSS,WIN
2017,J1,1st Day 14th Sec,2017-06-04 14:03:00,14:03,Hiroshima,1-3,Kashima,EDION Stadium.H,15781,1,3,LOSS,WIN
2017,J1,1st Day 14th Sec,2017-06-04 15:03:00,15:03,Iwata,3-0,G-Osaka,Yamaha,13953,3,0,WIN,LOSS
2017,J1,1st Day 14th Sec,2017-06-04 15:03:00,15:03,C-Osaka,4-0,Niigata,KINCHO.S,13363,4,0,WIN,LOSS
2017,J1,1st Day 14th Sec,2017-06-04 15:03:00,15:03,Sendai,3-0,Kofu,Yurtec.S,13107,3,0,WIN,LOSS
2017,J1,1st Day 14th Sec,2017-06-04 16:03:00,16:03,Omiya,1-1,Tosu,NACK5.S,11631,1,1,DRAW,DRAW
2017,J1,1st Day 14th Sec,2017-06-04 17:03:00,17:03,Yokohama F･M,2-0,Kawasaki-F,Nissan.S,42483,2,0,WIN,LOSS
2017,J1,1st Day 14th Sec,2017-06-04 19:04:00,19:04,Kashiwa,1-0,Urawa,Kashiwa,14096,1,0,WIN,LOSS
2017,J1,1st Day 15th Sec,2017-06-17 18:33:00,18:33,Kashima,3-0,Sapporo,Kashima,20826,3,0,WIN,LOSS
2017,J1,1st Day 15th Sec,2017-06-17 19:03:00,19:03,Niigata,1-2,Omiya,DENKA BIG SWAN,27605,1,2,LOSS,WIN
2017,J1,1st Day 15th Sec,2017-06-17 19:03:00,19:03,Kobe,0-1,G-Osaka,NOEVIR.S,24522,0,1,LOSS,WIN
2017,J1,1st Day 15th Sec,2017-06-17 19:03:00,19:03,Kawasaki-F,1-0,Hiroshima,Todoroki,23209,1,0,WIN,LOSS
2017,J1,1st Day 15th Sec,2017-06-17 19:03:00,19:03,C-Osaka,1-1,Shimizu,YANMAR STADIUM,22737,1,1,DRAW,DRAW
2017,J1,1st Day 15th Sec,2017-06-17 19:04:00,19:04,Kofu,0-0,Kashiwa,Yamanashibank.S,10566,0,0,DRAW,DRAW
2017,J1,1st Day 15th Sec,2017-06-17 19:04:00,19:04,Tosu,1-1,Sendai,Best Amenity.S,10265,1,1,DRAW,DRAW
2017,J1,2nd Day 15th Sec,2017-06-18 18:04:00,18:04,FC-Tokyo,0-1,Yokohama F･M,Ajinomoto,23282,0,1,LOSS,WIN
2017,J1,2nd Day 15th Sec,2017-06-18 18:33:00,18:33,Urawa,2-4,Iwata,Saitama.S,34766,2,4,LOSS,WIN
2017,J1,1st Day 16th Sec,2017-06-25 18:03:00,18:03,Yokohama F･M,2-0,Kobe,Nissan.S,16673,2,0,WIN,LOSS
2017,J1,1st Day 16th Sec,2017-06-25 18:03:00,18:03,Iwata,2-0,FC-Tokyo,Yamaha,13816,2,0,WIN,LOSS
2017,J1,1st Day 16th Sec,2017-06-25 18:03:00,18:03,Shimizu,1-0,Kofu,IAI.S,11007,1,0,WIN,LOSS
2017,J1,1st Day 16th Sec,2017-06-25 18:03:00,18:03,Sendai,2-4,C-Osaka,Yurtec.S,15530,2,4,LOSS,WIN
2017,J1,1st Day 16th Sec,2017-06-25 18:33:00,18:33,Hiroshima,0-3,Omiya,EDION Stadium.H,11433,0,3,LOSS,WIN
2017,J1,1st Day 16th Sec,2017-06-25 18:34:00,18:34,Kashima,2-0,Niigata,Kashima,14136,2,0,WIN,LOSS
2017,J1,1st Day 16th Sec,2017-06-25 19:03:00,19:03,Kashiwa,2-1,Sapporo,Kashiwa,9769,2,1,WIN,LOSS
2017,J1,1st Day 16th Sec,2017-06-25 19:04:00,19:04,G-Osaka,1-1,Kawasaki-F,Suita S,24835,1,1,DRAW,DRAW
2017,J1,1st Day 16th Sec,2017-06-25 19:04:00,19:04,Tosu,2-1,Urawa,Best Amenity.S,17913,2,1,WIN,LOSS
2017,J1,1st Day 17th Sec,2017-07-01 14:03:00,14:03,Sapporo,1-0,Shimizu,Sapporo.D,12890,1,0,WIN,LOSS
2017,J1,1st Day 17th Sec,2017-07-01 19:03:00,19:03,Kawasaki-F,5-0,Kobe,Todoroki,19991,5,0,WIN,LOSS
2017,J1,1st Day 17th Sec,2017-07-01 19:03:00,19:03,Sendai,2-3,G-Osaka,Yurtec.S,14052,2,3,LOSS,WIN
2017,J1,1st Day 17th Sec,2017-07-01 19:03:00,19:03,Omiya,1-2,Yokohama F･M,NACK5.S,11448,1,2,LOSS,WIN
2017,J1,1st Day 17th Sec,2017-07-01 19:04:00,19:04,Niigata,0-2,Iwata,DENKA BIG SWAN,22379,0,2,LOSS,WIN
2017,J1,1st Day 17th Sec,2017-07-01 19:04:00,19:04,Urawa,4-3,Hiroshima,Saitama.S,30853,4,3,WIN,LOSS
2017,J1,2nd Day 17th Sec,2017-07-02 18:03:00,18:03,Kofu,0-0,Tosu,Yamanashibank.S,8169,0,0,DRAW,DRAW
2017,J1,2nd Day 17th Sec,2017-07-02 18:33:00,18:33,Kashiwa,2-3,Kashima,Kashiwa,13945,2,3,LOSS,WIN
2017,J1,2nd Day 17th Sec,2017-07-02 19:03:00,19:03,C-Osaka,3-1,FC-Tokyo,KINCHO.S,14305,3,1,WIN,LOSS
2017,J1,3rd Day 13th Sec,2017-07-05 19:03:00,19:03,G-Osaka,0-1,Kashima,Suita S,18626,0,1,LOSS,WIN
2017,J1,3rd Day 13th Sec,2017-07-05 19:03:00,19:03,Kawasaki-F,4-1,Urawa,Todoroki,22561,4,1,WIN,LOSS
2017,J1,1st Day 18th Sec,2017-07-08 18:03:00,18:03,Shimizu,2-0,G-Osaka,IAI.S,15766,2,0,WIN,LOSS
2017,J1,1st Day 18th Sec,2017-07-08 19:03:00,19:03,Iwata,1-0,Kofu,Yamaha,14159,1,0,WIN,LOSS
2017,J1,1st Day 18th Sec,2017-07-08 19:03:00,19:03,Tosu,2-3,Kawasaki-F,Best Amenity.S,12401,2,3,LOSS,WIN
2017,J1,1st Day 18th Sec,2017-07-08 19:03:00,19:03,Yokohama F･M,1-1,Hiroshima,Nissan.S,23517,1,1,DRAW,DRAW
2017,J1,1st Day 18th Sec,2017-07-08 19:03:00,19:03,Omiya,2-2,Sapporo,NACK5.S,11863,2,2,DRAW,DRAW
2017,J1,1st Day 18th Sec,2017-07-08 19:03:00,19:03,C-Osaka,2-1,Kashiwa,KINCHO.S,16759,2,1,WIN,LOSS
2017,J1,1st Day 18th Sec,2017-07-08 19:03:00,19:03,FC-Tokyo,2-2,Kashima,Ajinomoto,42979,2,2,DRAW,DRAW
2017,J1,1st Day 18th Sec,2017-07-08 19:04:00,19:04,Kobe,3-0,Sendai,NOEVIR.S,19207,3,0,WIN,LOSS
2017,J1,2nd Day 18th Sec,2017-07-09 18:33:00,18:33,Urawa,2-1,Niigata,Saitama.S,28740,2,1,WIN,LOSS
2017,J1,1st Day 22nd Sec,2017-07-22 19:04:00,19:04,C-Osaka,4-2,Urawa,YANMAR STADIUM,32711,4,2,WIN,LOSS
2017,J1,1st Day 19th Sec,2017-07-29 14:03:00,14:03,Sapporo,2-0,Urawa,Sapporo.D,33353,2,0,WIN,LOSS
2017,J1,1st Day 19th Sec,2017-07-29 18:33:00,18:33,Kashima,3-0,Kofu,Kashima,18413,3,0,WIN,LOSS
2017,J1,1st Day 19th Sec,2017-07-29 19:03:00,19:03,G-Osaka,3-1,C-Osaka,Suita S,36177,3,1,WIN,LOSS
2017,J1,1st Day 19th Sec,2017-07-29 19:03:00,19:03,Yokohama F･M,2-2,Shimizu,Nissan.S,24881,2,2,DRAW,DRAW
2017,J1,1st Day 19th Sec,2017-07-29 19:03:00,19:03,Kawasaki-F,2-5,Iwata,Todoroki,23858,2,5,LOSS,WIN
2017,J1,1st Day 19th Sec,2017-07-29 19:03:00,19:03,Kobe,3-1,Omiya,NOEVIR.S,19415,3,1,WIN,LOSS
2017,J1,2nd Day 19th Sec,2017-07-30 18:33:00,18:33,Sendai,1-1,Kashiwa,Yurtec.S,14202,1,1,DRAW,DRAW
2017,J1,2nd Day 19th Sec,2017-07-30 18:34:00,18:34,Hiroshima,0-1,Tosu,EDION Stadium.H,14974,0,1,LOSS,WIN
2017,J1,2nd Day 19th Sec,2017-07-30 19:04:00,19:04,FC-Tokyo,1-1,Niigata,Ajinomoto,21908,1,1,DRAW,DRAW
2017,J1,1st Day 20th Sec,2017-08-05 18:03:00,18:03,Kofu,1-0,G-Osaka,Yamanashibank.S,11275,1,0,WIN,LOSS
2017,J1,1st Day 20th Sec,2017-08-05 18:33:00,18:33,Kashima,2-0,Sendai,Kashima,17156,2,0,WIN,LOSS
2017,J1,1st Day 20th Sec,2017-08-05 19:03:00,19:03,Iwata,2-3,Hiroshima,Yamaha,14515,2,3,LOSS,WIN
2017,J1,1st Day 20th Sec,2017-08-05 19:03:00,19:03,Niigata,0-2,Yokohama F･M,DENKA BIG SWAN,24137,0,2,LOSS,WIN
2017,J1,1st Day 20th Sec,2017-08-05 19:03:00,19:03,Tosu,2-1,Shimizu,Best Amenity.S,9628,2,1,WIN,LOSS
2017,J1,1st Day 20th Sec,2017-08-05 19:03:00,19:03,Kashiwa,3-1,Kobe,Kashiwa,13284,3,1,WIN,LOSS
2017,J1,1st Day 20th Sec,2017-08-05 19:03:00,19:03,Kawasaki-F,1-1,FC-Tokyo,Todoroki,25043,1,1,DRAW,DRAW
2017,J1,1st Day 20th Sec,2017-08-05 19:04:00,19:04,Urawa,2-2,Omiya,Saitama.S,45411,2,2,DRAW,DRAW
2017,J1,1st Day 20th Sec,2017-08-05 19:04:00,19:04,C-Osaka,3-1,Sapporo,KINCHO.S,14208,3,1,WIN,LOSS
2017,J1,1st Day 21st Sec,2017-08-09 19:03:00,19:03,Omiya,1-2,FC-Tokyo,NACK5.S,11115,1,2,LOSS,WIN
2017,J1,1st Day 21st Sec,2017-08-09 19:03:00,19:03,Niigata,0-2,Kawasaki-F,DENKA BIG SWAN,18016,0,2,LOSS,WIN
2017,J1,1st Day 21st Sec,2017-08-09 19:03:00,19:03,Shimizu,3-2,C-Osaka,IAI.S,12324,3,2,WIN,LOSS
2017,J1,1st Day 21st Sec,2017-08-09 19:03:00,19:03,Kashiwa,0-0,Tosu,Kashiwa,9682,0,0,DRAW,DRAW
2017,J1,1st Day 21st Sec,2017-08-09 19:03:00,19:03,Kofu,0-1,Urawa,Yamanashibank.S,14489,0,1,LOSS,WIN
2017,J1,1st Day 21st Sec,2017-08-09 19:03:00,19:03,Sapporo,0-2,Yokohama F･M,Sapporo.D,17350,0,2,LOSS,WIN
2017,J1,1st Day 21st Sec,2017-08-09 19:03:00,19:03,Kobe,1-2,Kashima,NOEVIR.S,19039,1,2,LOSS,WIN
2017,J1,1st Day 21st Sec,2017-08-09 19:04:00,19:04,Hiroshima,2-2,G-Osaka,EDION Stadium.H,12573,2,2,DRAW,DRAW
2017,J1,1st Day 21st Sec,2017-08-09 19:04:00,19:04,Sendai,0-0,Iwata,Yurtec.S,11500,0,0,DRAW,DRAW
2017,J1,2nd Day 22nd Sec,2017-08-13 13:03:00,13:03,Sapporo,1-1,Kofu,Sapporo.D,19561,1,1,DRAW,DRAW
2017,J1,2nd Day 22nd Sec,2017-08-13 18:03:00,18:03,Shimizu,1-4,Kashiwa,IAI.S,17482,1,4,LOSS,WIN
2017,J1,2nd Day 22nd Sec,2017-08-13 18:33:00,18:33,G-Osaka,0-2,Iwata,Suita S,35315,0,2,LOSS,WIN
2017,J1,2nd Day 22nd Sec,2017-08-13 19:03:00,19:03,Yokohama F･M,1-0,Tosu,NHK SPRING .F,12764,1,0,WIN,LOSS
2017,J1,2nd Day 22nd Sec,2017-08-13 19:03:00,19:03,Omiya,1-0,Niigata,NACK5.S,10900,1,0,WIN,LOSS
2017,J1,2nd Day 22nd Sec,2017-08-13 19:03:00,19:03,Kawasaki-F,3-1,Kashima,Todoroki,24008,3,1,WIN,LOSS
2017,J1,2nd Day 22nd Sec,2017-08-13 19:03:00,19:03,FC-Tokyo,1-0,Kobe,Ajinomoto,30642,1,0,WIN,LOSS
2017,J1,2nd Day 22nd Sec,2017-08-13 19:03:00,19:03,Sendai,1-0,Hiroshima,Yurtec.S,14258,1,0,WIN,LOSS
2017,J1,1st Day 23rd Sec,2017-08-19 18:33:00,18:33,Kashima,2-0,Shimizu,Kashima,16979,2,0,WIN,LOSS
2017,J1,1st Day 23rd Sec,2017-08-19 18:33:00,18:33,Iwata,1-1,C-Osaka,Yamaha,14881,1,1,DRAW,DRAW
2017,J1,1st Day 23rd Sec,2017-08-19 19:03:00,19:03,G-Osaka,0-1,Kashiwa,Suita S,21582,0,1,LOSS,WIN
2017,J1,1st Day 23rd Sec,2017-08-19 19:03:00,19:03,Niigata,1-2,Sendai,DENKA BIG SWAN,21011,1,2,LOSS,WIN
2017,J1,1st Day 23rd Sec,2017-08-19 19:03:00,19:03,Kawasaki-F,2-1,Sapporo,Todoroki,18342,2,1,WIN,LOSS
2017,J1,1st Day 23rd Sec,2017-08-19 19:03:00,19:03,Tosu,3-0,Omiya,Best Amenity.S,14816,3,0,WIN,LOSS
2017,J1,1st Day 23rd Sec,2017-08-19 19:04:00,19:04,Hiroshima,1-0,Kofu,EDION Stadium.H,11771,1,0,WIN,LOSS
2017,J1,1st Day 23rd Sec,2017-08-19 20:00:00,20:00,Urawa,2-1,FC-Tokyo,Saitama.S,31818,2,1,WIN,LOSS
2017,J1,2nd Day 23rd Sec,2017-08-20 18:33:00,18:33,Kobe,0-0,Yokohama F･M,NOEVIR.S,19987,0,0,DRAW,DRAW
2017,J1,1st Day 24th Sec,2017-08-26 14:02:00,14:02,Sapporo,1-0,Sendai,Atsubetsu,9535,1,0,WIN,LOSS
2017,J1,1st Day 24th Sec,2017-08-26 19:03:00,19:03,Tosu,1-3,G-Osaka,Best Amenity.S,16474,1,3,LOSS,WIN
2017,J1,1st Day 24th Sec,2017-08-26 19:03:00,19:03,Omiya,1-1,Hiroshima,NACK5.S,11511,1,1,DRAW,DRAW
2017,J1,1st Day 24th Sec,2017-08-26 19:03:00,19:03,Yokohama F･M,1-0,FC-Tokyo,Nissan.S,24707,1,0,WIN,LOSS
2017,J1,1st Day 24th Sec,2017-08-26 19:03:00,19:03,Iwata,2-1,Kobe,Yamaha,14539,2,1,WIN,LOSS
2017,J1,1st Day 24th Sec,2017-08-26 19:03:00,19:03,C-Osaka,0-1,Kashima,YANMAR STADIUM,35516,0,1,LOSS,WIN
2017,J1,1st Day 24th Sec,2017-08-26 19:03:00,19:03,Kashiwa,1-1,Niigata,Kashiwa,12760,1,1,DRAW,DRAW
2017,J1,2nd Day 24th Sec,2017-08-27 18:03:00,18:03,Kofu,2-2,Kawasaki-F,Yamanashibank.S,10807,2,2,DRAW,DRAW
2017,J1,2nd Day 24th Sec,2017-08-27 18:03:00,18:03,Shimizu,1-2,Urawa,IAI.S,16194,1,2,LOSS,WIN
2017,J1,1st Day 25th Sec,2017-09-09 13:03:00,13:03,Sapporo,2-1,Iwata,Sapporo.D,19063,2,1,WIN,LOSS
2017,J1,1st Day 25th Sec,2017-09-09 18:06:00,18:06,Kofu,0-1,Shimizu,Yamanashibank.S,12683,0,1,LOSS,WIN
2017,J1,1st Day 25th Sec,2017-09-09 18:35:00,18:35,Kashima,1-0,Omiya,Kashima,15719,1,0,WIN,LOSS
2017,J1,1st Day 25th Sec,2017-09-09 19:03:00,19:03,Urawa,1-2,Kashiwa,Saitama.S,31619,1,2,LOSS,WIN
2017,J1,1st Day 25th Sec,2017-09-09 19:03:00,19:03,FC-Tokyo,1-4,C-Osaka,Ajinomoto,36635,1,4,LOSS,WIN
2017,J1,1st Day 25th Sec,2017-09-09 19:04:00,19:04,G-Osaka,1-2,Kobe,Suita S,31775,1,2,LOSS,WIN
2017,J1,1st Day 25th Sec,2017-09-09 19:04:00,19:04,Kawasaki-F,3-0,Yokohama F･M,Todoroki,24715,3,0,WIN,LOSS
2017,J1,1st Day 25th Sec,2017-09-09 19:06:00,19:06,Niigata,0-0,Hiroshima,DENKA BIG SWAN,21456,0,0,DRAW,DRAW
2017,J1,2nd Day 25th Sec,2017-09-10 18:35:00,18:35,Sendai,4-1,Tosu,Yurtec.S,12652,4,1,WIN,LOSS
2017,J1,1st Day 26th Sec,2017-09-16 18:03:00,18:03,Shimizu,0-3,Kawasaki-F,IAI.S,13585,0,3,LOSS,WIN
2017,J1,1st Day 26th Sec,2017-09-16 18:03:00,18:03,Niigata,2-4,Kashima,DENKA BIG SWAN,25453,2,4,LOSS,WIN
2017,J1,1st Day 26th Sec,2017-09-16 18:03:00,18:03,Omiya,2-2,G-Osaka,Kumagaya.A,13364,2,2,DRAW,DRAW
2017,J1,1st Day 26th Sec,2017-09-16 18:33:00,18:33,Hiroshima,1-0,C-Osaka,EDION Stadium.H,11726,1,0,WIN,LOSS
2017,J1,1st Day 26th Sec,2017-09-16 19:03:00,19:03,FC-Tokyo,1-0,Sendai,Ajinomoto,17940,1,0,WIN,LOSS
2017,J1,1st Day 26th Sec,2017-09-16 19:03:00,19:03,Yokohama F･M,1-1,Kashiwa,Nissan.S,20844,1,1,DRAW,DRAW
2017,J1,1st Day 26th Sec,2017-09-16 19:03:00,19:03,Tosu,2-1,Kofu,Best Amenity.S,7381,2,1,WIN,LOSS
2017,J1,1st Day 26th Sec,2017-09-16 19:03:00,19:03,Kobe,2-0,Sapporo,Kobe Univ,7911,2,0,WIN,LOSS
2017,J1,2nd Day 26th Sec,2017-09-17 16:03:00,16:03,Iwata,1-1,Urawa,Ecopa,23783,1,1,DRAW,DRAW
2017,J1,1st Day 27th Sec,2017-09-23 14:03:00,14:03,Sapporo,2-2,Niigata,Sapporo.D,17621,2,2,DRAW,DRAW
2017,J1,1st Day 27th Sec,2017-09-23 15:03:00,15:03,Shimizu,1-3,Hiroshima,IAI.S,14441,1,3,LOSS,WIN
2017,J1,1st Day 27th Sec,2017-09-23 16:03:00,16:03,Iwata,2-1,Omiya,Yamaha,13119,2,1,WIN,LOSS
2017,J1,1st Day 27th Sec,2017-09-23 16:04:00,16:04,Urawa,2-2,Tosu,Saitama.S,29557,2,2,DRAW,DRAW
2017,J1,1st Day 27th Sec,2017-09-23 16:04:00,16:04,Kashiwa,4-1,FC-Tokyo,Kashiwa,13909,4,1,WIN,LOSS
2017,J1,1st Day 27th Sec,2017-09-23 18:03:00,18:03,Kofu,3-2,Yokohama F･M,Yamanashibank.S,12049,3,2,WIN,LOSS
2017,J1,1st Day 27th Sec,2017-09-23 19:03:00,19:03,Kashima,2-1,G-Osaka,Kashima,28565,2,1,WIN,LOSS
2017,J1,1st Day 27th Sec,2017-09-23 19:03:00,19:03,Kobe,0-0,Kawasaki-F,NOEVIR.S,18111,0,0,DRAW,DRAW
2017,J1,1st Day 27th Sec,2017-09-23 19:03:00,19:03,C-Osaka,1-4,Sendai,KINCHO.S,15262,1,4,LOSS,WIN
2017,J1,1st Day 28th Sec,2017-09-30 15:03:00,15:03,Tosu,1-0,Kashima,Best Amenity.S,18383,1,0,WIN,LOSS
2017,J1,1st Day 28th Sec,2017-09-30 15:32:00,15:32,Niigata,0-2,Kobe,DENKA BIG SWAN,21709,0,2,LOSS,WIN
2017,J1,1st Day 28th Sec,2017-09-30 16:03:00,16:03,FC-Tokyo,0-0,Iwata,Ajinomoto,26736,0,0,DRAW,DRAW
2017,J1,1st Day 28th Sec,2017-09-30 16:03:00,16:03,Kashiwa,0-1,Kofu,Kashiwa,11123,0,1,LOSS,WIN
2017,J1,1st Day 28th Sec,2017-09-30 16:03:00,16:03,Hiroshima,1-1,Sapporo,EDION Stadium.H,18065,1,1,DRAW,DRAW
2017,J1,1st Day 28th Sec,2017-09-30 19:03:00,19:03,Omiya,0-0,Shimizu,NACK5.S,11545,0,0,DRAW,DRAW
2017,J1,1st Day 28th Sec,2017-09-30 19:03:00,19:03,Kawasaki-F,5-1,C-Osaka,Todoroki,24225,5,1,WIN,LOSS
2017,J1,1st Day 28th Sec,2017-09-30 19:03:00,19:03,G-Osaka,1-2,Yokohama F･M,Suita S,23071,1,2,LOSS,WIN
2017,J1,2nd Day 28th Sec,2017-10-01 14:03:00,14:03,Sendai,2-3,Urawa,Yurtec.S,18026,2,3,LOSS,WIN
2017,J1,1st Day 29th Sec,2017-10-14 13:03:00,13:03,Sapporo,3-0,Kashiwa,Atsubetsu,9614,3,0,WIN,LOSS
2017,J1,1st Day 29th Sec,2017-10-14 14:03:00,14:03,Yokohama F･M,1-1,Omiya,Nissan.S,20670,1,1,DRAW,DRAW
2017,J1,1st Day 29th Sec,2017-10-14 14:03:00,14:03,Shimizu,0-3,Iwata,IAI.S,18556,0,3,LOSS,WIN
2017,J1,1st Day 29th Sec,2017-10-14 14:03:00,14:03,G-Osaka,0-1,Niigata,Suita S,19523,0,1,LOSS,WIN
2017,J1,1st Day 29th Sec,2017-10-14 15:03:00,15:03,Kashima,2-0,Hiroshima,Kashima,18655,2,0,WIN,LOSS
2017,J1,1st Day 29th Sec,2017-10-14 15:03:00,15:03,Kawasaki-F,3-2,Sendai,Todoroki,18892,3,2,WIN,LOSS
2017,J1,1st Day 29th Sec,2017-10-14 19:03:00,19:03,Urawa,1-1,Kobe,Saitama.S,29931,1,1,DRAW,DRAW
2017,J1,2nd Day 29th Sec,2017-10-15 14:03:00,14:03,Kofu,1-1,FC-Tokyo,Yamanashibank.S,8643,1,1,DRAW,DRAW
2017,J1,2nd Day 29th Sec,2017-10-15 17:03:00,17:03,Tosu,1-2,C-Osaka,Best Amenity.S,14896,1,2,LOSS,WIN
2017,J1,1st Day 30th Sec,2017-10-21 14:03:00,14:03,C-Osaka,2-0,Kofu,KINCHO.S,9438,2,0,WIN,LOSS
2017,J1,1st Day 30th Sec,2017-10-21 14:03:00,14:03,Kobe,1-2,Tosu,NOEVIR.S,17016,1,2,LOSS,WIN
2017,J1,1st Day 30th Sec,2017-10-21 14:03:00,14:03,Hiroshima,0-3,Kawasaki-F,EDION Stadium.H,8319,0,3,LOSS,WIN
2017,J1,1st Day 30th Sec,2017-10-21 14:03:00,14:03,Sendai,0-0,Shimizu,Yurtec.S,14338,0,0,DRAW,DRAW
2017,J1,1st Day 30th Sec,2017-10-21 14:03:00,14:03,Omiya,1-1,Kashiwa,NACK5.S,9752,1,1,DRAW,DRAW
2017,J1,1st Day 30th Sec,2017-10-21 15:03:00,15:03,Iwata,2-2,Niigata,Yamaha,11762,2,2,DRAW,DRAW
2017,J1,1st Day 30th Sec,2017-10-21 16:03:00,16:03,FC-Tokyo,1-2,Sapporo,Ajinomoto,16817,1,2,LOSS,WIN
2017,J1,1st Day 30th Sec,2017-10-21 19:03:00,19:03,Yokohama F･M,3-2,Kashima,Nissan.S,29716,3,2,WIN,LOSS
2017,J1,2nd Day 30th Sec,2017-10-22 17:04:00,17:04,Urawa,3-3,G-Osaka,Saitama.S,21603,3,3,DRAW,DRAW
2017,J1,1st Day 31st Sec,2017-10-29 14:03:00,14:03,Niigata,1-0,Tosu,DENKA BIG SWAN,17426,1,0,WIN,LOSS
2017,J1,1st Day 31st Sec,2017-10-29 15:04:00,15:04,Iwata,2-1,Yokohama F･M,Ecopa,19525,2,1,WIN,LOSS
2017,J1,1st Day 31st Sec,2017-10-29 16:03:00,16:03,G-Osaka,1-1,Sendai,Suita S,15962,1,1,DRAW,DRAW
2017,J1,1st Day 31st Sec,2017-10-29 16:03:00,16:03,C-Osaka,2-1,Omiya,KINCHO.S,8998,2,1,WIN,LOSS
2017,J1,1st Day 31st Sec,2017-10-29 16:03:00,16:03,Kofu,2-3,Kobe,Yamanashibank.S,4692,2,3,LOSS,WIN
2017,J1,1st Day 31st Sec,2017-10-29 16:04:00,16:04,Sapporo,1-2,Kashima,Sapporo.D,27514,1,2,LOSS,WIN
2017,J1,1st Day 31st Sec,2017-10-29 16:04:00,16:04,Hiroshima,0-1,Urawa,EDION Stadium.H,17178,0,1,LOSS,WIN
2017,J1,1st Day 31st Sec,2017-10-29 16:33:00,16:33,Kashiwa,2-2,Kawasaki-F,Kashiwa,9512,2,2,DRAW,DRAW
2017,J1,1st Day 31st Sec,2017-10-29 17:03:00,17:03,FC-Tokyo,0-0,Shimizu,Ajinomoto,13417,0,0,DRAW,DRAW
2017,J1,1st Day 32nd Sec,2017-11-05 14:03:00,14:03,Kashima,1-0,Urawa,Kashima,33356,1,0,WIN,LOSS
2017,J1,2nd Day 32nd Sec,2017-11-18 14:02:00,14:02,Kawasaki-F,1-0,G-Osaka,Todoroki,21529,1,0,WIN,LOSS
2017,J1,2nd Day 32nd Sec,2017-11-18 14:03:00,14:03,Kobe,1-2,Hiroshima,Kobe Univ,12805,1,2,LOSS,WIN
2017,J1,2nd Day 32nd Sec,2017-11-18 14:03:00,14:03,Yokohama F･M,1-4,C-Osaka,Nissan.S,34153,1,4,LOSS,WIN
2017,J1,2nd Day 32nd Sec,2017-11-18 14:03:00,14:03,Kashiwa,1-0,Iwata,Kashiwa,11545,1,0,WIN,LOSS
2017,J1,2nd Day 32nd Sec,2017-11-18 14:03:00,14:03,Niigata,1-0,Kofu,DENKA BIG SWAN,16461,1,0,WIN,LOSS
2017,J1,2nd Day 32nd Sec,2017-11-18 14:04:00,14:04,Sendai,3-0,Omiya,Yurtec.S,15533,3,0,WIN,LOSS
2017,J1,2nd Day 32nd Sec,2017-11-18 14:05:00,14:05,Tosu,2-1,FC-Tokyo,Best Amenity.S,19476,2,1,WIN,LOSS
2017,J1,2nd Day 32nd Sec,2017-11-18 15:03:00,15:03,Shimizu,0-2,Sapporo,IAI.S,13723,0,2,LOSS,WIN
2017,J1,1st Day 33rd Sec,2017-11-26 13:03:00,13:03,Shimizu,2-3,Niigata,IAI.S,17091,2,3,LOSS,WIN
2017,J1,1st Day 33rd Sec,2017-11-26 13:03:00,13:03,G-Osaka,0-1,Sapporo,Suita S,25626,0,1,LOSS,WIN
2017,J1,1st Day 33rd Sec,2017-11-26 13:03:00,13:03,C-Osaka,3-1,Kobe,YANMAR STADIUM,29918,3,1,WIN,LOSS
2017,J1,1st Day 33rd Sec,2017-11-26 13:03:00,13:03,Omiya,0-0,Kofu,NACK5.S,12435,0,0,DRAW,DRAW
2017,J1,1st Day 33rd Sec,2017-11-26 13:04:00,13:04,Tosu,0-2,Iwata,Best Amenity.S,16564,0,2,LOSS,WIN
2017,J1,1st Day 33rd Sec,2017-11-26 13:05:00,13:05,Sendai,2-2,Yokohama F･M,Yurtec.S,18059,2,2,DRAW,DRAW
2017,J1,1st Day 33rd Sec,2017-11-26 13:05:00,13:05,Kashima,0-0,Kashiwa,Kashima,36080,0,0,DRAW,DRAW
2017,J1,1st Day 33rd Sec,2017-11-26 13:05:00,13:05,Hiroshima,2-1,FC-Tokyo,EDION Stadium.H,22333,2,1,WIN,LOSS
2017,J1,2nd Day 33rd Sec,2017-11-29 19:33:00,19:33,Urawa,0-1,Kawasaki-F,Saitama.S,24605,0,1,LOSS,WIN
2017,J1,1st Day 34th Sec,2017-12-02 14:03:00,14:03,Kobe,1-3,Shimizu,Kobe Univ,17174,1,3,LOSS,WIN
2017,J1,1st Day 34th Sec,2017-12-02 14:03:00,14:03,Kawasaki-F,5-0,Omiya,Todoroki,25904,5,0,WIN,LOSS
2017,J1,1st Day 34th Sec,2017-12-02 14:03:00,14:03,Iwata,0-0,Kashima,Yamaha,14696,0,0,DRAW,DRAW
2017,J1,1st Day 34th Sec,2017-12-02 14:03:00,14:03,Kofu,1-0,Sendai,Yamanashibank.S,14680,1,0,WIN,LOSS
2017,J1,1st Day 34th Sec,2017-12-02 14:03:00,14:03,Kashiwa,1-0,Hiroshima,Kashiwa,13235,1,0,WIN,LOSS
2017,J1,1st Day 34th Sec,2017-12-02 14:04:00,14:04,Niigata,1-0,C-Osaka,DENKA BIG SWAN,19684,1,0,WIN,LOSS
2017,J1,1st Day 34th Sec,2017-12-02 14:04:00,14:04,Urawa,0-1,Yokohama F･M,Saitama.S,41618,0,1,LOSS,WIN
2017,J1,1st Day 34th Sec,2017-12-02 14:04:00,14:04,Sapporo,3-2,Tosu,Sapporo.D,27796,3,2,WIN,LOSS
2017,J1,1st Day 34th Sec,2017-12-02 14:05:00,14:05,FC-Tokyo,0-0,G-Osaka,Ajinomoto,30548,0,0,DRAW,DRAW
2018,J1,1st Day 1st Sec,2018-02-23 20:03:00,20:03,Tosu,1-1,Kobe,Best Amenity.S,19633,1,1,DRAW,DRAW
2018,J1,2nd Day 1st Sec,2018-02-24 14:03:00,14:03,FC-Tokyo,1-1,Urawa,Ajinomoto,35951,1,1,DRAW,DRAW
2018,J1,2nd Day 1st Sec,2018-02-24 14:03:00,14:03,Hiroshima,1-0,Sapporo,EDION Stadium.H,17026,1,0,WIN,LOSS
2018,J1,2nd Day 1st Sec,2018-02-24 14:33:00,14:33,G-Osaka,2-3,Nagoya,Suita S,28681,2,3,LOSS,WIN
2018,J1,2nd Day 1st Sec,2018-02-24 16:03:00,16:03,Shonan,2-1,Nagasaki,BMW.S Hiratsuka,12148,2,1,WIN,LOSS
2018,J1,3rd Day 1st Sec,2018-02-25 13:02:00,13:02,Sendai,1-0,Kashiwa,Yurtec.S,15655,1,0,WIN,LOSS
2018,J1,3rd Day 1st Sec,2018-02-25 13:03:00,13:03,Shimizu,0-0,Kashima,IAI.S,19632,0,0,DRAW,DRAW
2018,J1,3rd Day 1st Sec,2018-02-25 15:31:00,15:31,Iwata,0-3,Kawasaki-F,Ecopa,31375,0,3,LOSS,WIN
2018,J1,3rd Day 1st Sec,2018-02-25 16:03:00,16:03,C-Osaka,1-1,Yokohama F･M,YANMAR STADIUM,23049,1,1,DRAW,DRAW
2018,J1,1st Day 2nd Sec,2018-03-02 19:03:00,19:03,Kawasaki-F,1-1,Shonan,Todoroki,22475,1,1,DRAW,DRAW
2018,J1,1st Day 2nd Sec,2018-03-02 19:03:00,19:03,C-Osaka,3-3,Sapporo,KINCHO.S,10415,3,3,DRAW,DRAW
2018,J1,1st Day 2nd Sec,2018-03-02 19:33:00,19:33,Kashiwa,2-0,Yokohama F･M,SANKYO FKashiwa,10659,2,0,WIN,LOSS
2018,J1,2nd Day 2nd Sec,2018-03-03 14:03:00,14:03,Nagoya,1-0,Iwata,Toyota.S,38916,1,0,WIN,LOSS
2018,J1,2nd Day 2nd Sec,2018-03-03 15:03:00,15:03,FC-Tokyo,0-1,Sendai,Ajinomoto,16990,0,1,LOSS,WIN
2018,J1,2nd Day 2nd Sec,2018-03-03 16:01:00,16:01,Kashima,1-0,G-Osaka,Kashima,24545,1,0,WIN,LOSS
2018,J1,2nd Day 2nd Sec,2018-03-03 16:07:00,16:07,Kobe,2-4,Shimizu,NOEVIR.S,24058,2,4,LOSS,WIN
2018,J1,2nd Day 2nd Sec,2018-03-03 19:03:00,19:03,Nagasaki,2-2,Tosu,trasta,14125,2,2,DRAW,DRAW
2018,J1,3rd Day 2nd Sec,2018-03-04 16:04:00,16:04,Urawa,1-2,Hiroshima,Saitama.S,41324,1,2,LOSS,WIN
2018,J1,1st Day 3rd Sec,2018-03-10 13:03:00,13:03,Yokohama F･M,1-2,Tosu,NHK SPRING .F,11247,1,2,LOSS,WIN
2018,J1,1st Day 3rd Sec,2018-03-10 13:03:00,13:03,Kawasaki-F,2-0,G-Osaka,Todoroki,22520,2,0,WIN,LOSS
2018,J1,1st Day 3rd Sec,2018-03-10 14:02:00,14:02,Sendai,1-1,Kobe,Yurtec.S,14270,1,1,DRAW,DRAW
2018,J1,1st Day 3rd Sec,2018-03-10 14:03:00,14:03,Nagasaki,1-1,Urawa,trasta,15975,1,1,DRAW,DRAW
2018,J1,1st Day 3rd Sec,2018-03-10 15:03:00,15:03,Kashima,0-1,Hiroshima,Kashima,16799,0,1,LOSS,WIN
2018,J1,1st Day 3rd Sec,2018-03-10 15:03:00,15:03,Kashiwa,1-1,C-Osaka,SANKYO FKashiwa,11091,1,1,DRAW,DRAW
2018,J1,1st Day 3rd Sec,2018-03-10 15:03:00,15:03,Iwata,2-0,FC-Tokyo,Yamaha,13928,2,0,WIN,LOSS
2018,J1,1st Day 3rd Sec,2018-03-10 19:03:00,19:03,Sapporo,1-3,Shimizu,Sapporo.D,19390,1,3,LOSS,WIN
2018,J1,2nd Day 3rd Sec,2018-03-11 16:03:00,16:03,Shonan,0-0,Nagoya,BMW.S Hiratsuka,12465,0,0,DRAW,DRAW
2018,J1,1st Day 4th Sec,2018-03-18 14:03:00,14:03,Shimizu,1-1,Sendai,IAI.S,13965,1,1,DRAW,DRAW
2018,J1,1st Day 4th Sec,2018-03-18 14:03:00,14:03,Sapporo,2-1,Nagasaki,Sapporo.D,13568,2,1,WIN,LOSS
2018,J1,1st Day 4th Sec,2018-03-18 15:03:00,15:03,G-Osaka,2-2,Kashiwa,Suita S,21758,2,2,DRAW,DRAW
2018,J1,1st Day 4th Sec,2018-03-18 15:03:00,15:03,FC-Tokyo,1-0,Shonan,Ajinomoto,16568,1,0,WIN,LOSS
2018,J1,1st Day 4th Sec,2018-03-18 16:03:00,16:03,Tosu,0-1,Kashima,Best Amenity.S,17757,0,1,LOSS,WIN
2018,J1,1st Day 4th Sec,2018-03-18 16:03:00,16:03,Kobe,2-0,C-Osaka,NOEVIR.S,20108,2,0,WIN,LOSS
2018,J1,1st Day 4th Sec,2018-03-18 16:03:00,16:03,Hiroshima,0-0,Iwata,EDION Stadium.H,16962,0,0,DRAW,DRAW
2018,J1,1st Day 4th Sec,2018-03-18 16:04:00,16:04,Urawa,0-1,Yokohama F･M,Saitama.S,33168,0,1,LOSS,WIN
2018,J1,1st Day 4th Sec,2018-03-18 19:03:00,19:03,Nagoya,0-1,Kawasaki-F,Toyota.S,25898,0,1,LOSS,WIN
2018,J1,1st Day 5th Sec,2018-03-30 19:33:00,19:33,Kashiwa,2-1,Kobe,SANKYO FKashiwa,9642,2,1,WIN,LOSS
2018,J1,2nd Day 5th Sec,2018-03-31 14:03:00,14:03,Sendai,1-0,Nagasaki,Yurtec.S,13158,1,0,WIN,LOSS
2018,J1,2nd Day 5th Sec,2018-03-31 14:03:00,14:03,Shimizu,0-1,Yokohama F･M,IAI.S,17032,0,1,LOSS,WIN
2018,J1,2nd Day 5th Sec,2018-03-31 15:03:00,15:03,FC-Tokyo,3-2,G-Osaka,Ajinomoto,21940,3,2,WIN,LOSS
2018,J1,2nd Day 5th Sec,2018-03-31 15:03:00,15:03,Kashima,0-0,Sapporo,Kashima,19629,0,0,DRAW,DRAW
2018,J1,2nd Day 5th Sec,2018-03-31 16:03:00,16:03,Kawasaki-F,0-1,Hiroshima,Todoroki,24018,0,1,LOSS,WIN
2018,J1,2nd Day 5th Sec,2018-03-31 19:03:00,19:03,Tosu,3-2,Nagoya,Best Amenity.S,12957,3,2,WIN,LOSS
2018,J1,2nd Day 5th Sec,2018-03-31 19:03:00,19:03,C-Osaka,2-1,Shonan,KINCHO.S,13882,2,1,WIN,LOSS
2018,J1,3rd Day 5th Sec,2018-04-01 15:03:00,15:03,Iwata,2-1,Urawa,Ecopa,21755,2,1,WIN,LOSS
2018,J1,1st Day 6th Sec,2018-04-07 14:03:00,14:03,Sapporo,3-0,Nagoya,Sapporo.D,17390,3,0,WIN,LOSS
2018,J1,1st Day 6th Sec,2018-04-07 15:03:00,15:03,Iwata,0-0,Shimizu,Ecopa,30598,0,0,DRAW,DRAW
2018,J1,1st Day 6th Sec,2018-04-07 15:03:00,15:03,C-Osaka,2-1,Tosu,KINCHO.S,10627,2,1,WIN,LOSS
2018,J1,1st Day 6th Sec,2018-04-07 16:04:00,16:04,Urawa,1-0,Sendai,Saitama.S,28984,1,0,WIN,LOSS
2018,J1,1st Day 6th Sec,2018-04-07 19:03:00,19:03,Shonan,2-1,Kashima,BMW.S Hiratsuka,13947,2,1,WIN,LOSS
2018,J1,2nd Day 6th Sec,2018-04-08 14:03:00,14:03,Nagasaki,2-5,FC-Tokyo,trasta,9873,2,5,LOSS,WIN
2018,J1,2nd Day 6th Sec,2018-04-08 15:03:00,15:03,G-Osaka,0-1,Kobe,Suita S,20606,0,1,LOSS,WIN
2018,J1,2nd Day 6th Sec,2018-04-08 15:03:00,15:03,Kashiwa,0-1,Hiroshima,SANKYO FKashiwa,11089,0,1,LOSS,WIN
2018,J1,2nd Day 6th Sec,2018-04-08 16:03:00,16:03,Yokohama F･M,1-1,Kawasaki-F,Nissan.S,37332,1,1,DRAW,DRAW
2018,J1,1st Day 7th Sec,2018-04-11 19:03:00,19:03,Nagoya,2-3,Sendai,Paloma Mizuho,9297,2,3,LOSS,WIN
2018,J1,1st Day 7th Sec,2018-04-11 19:03:00,19:03,G-Osaka,2-0,Iwata,Suita S,12615,2,0,WIN,LOSS
2018,J1,1st Day 7th Sec,2018-04-11 19:03:00,19:03,FC-Tokyo,2-1,Kashima,Ajinomoto,17260,2,1,WIN,LOSS
2018,J1,1st Day 7th Sec,2018-04-11 19:03:00,19:03,Hiroshima,3-1,Yokohama F･M,EDION Stadium.H,7344,3,1,WIN,LOSS
2018,J1,1st Day 7th Sec,2018-04-11 19:03:00,19:03,Kawasaki-F,1-2,C-Osaka,Todoroki,17113,1,2,LOSS,WIN
2018,J1,1st Day 7th Sec,2018-04-11 19:03:00,19:03,Kobe,2-3,Urawa,NOEVIR.S,9758,2,3,LOSS,WIN
2018,J1,1st Day 7th Sec,2018-04-11 19:03:00,19:03,Shimizu,0-1,Nagasaki,IAI.S,6193,0,1,LOSS,WIN
2018,J1,1st Day 7th Sec,2018-04-11 19:03:00,19:03,Sapporo,1-0,Shonan,Sapporo.D,11183,1,0,WIN,LOSS
2018,J1,1st Day 7th Sec,2018-04-11 20:03:00,20:03,Tosu,1-2,Kashiwa,Best Amenity.S,7138,1,2,LOSS,WIN
2018,J1,1st Day 8th Sec,2018-04-14 14:02:00,14:02,Kashima,2-0,Nagoya,Kashima,17921,2,0,WIN,LOSS
2018,J1,1st Day 8th Sec,2018-04-14 14:03:00,14:03,Nagasaki,3-0,G-Osaka,trasta,8745,3,0,WIN,LOSS
2018,J1,1st Day 8th Sec,2018-04-14 14:03:00,14:03,Kashiwa,1-2,Sapporo,SANKYO FKashiwa,9533,1,2,LOSS,WIN
2018,J1,1st Day 8th Sec,2018-04-14 15:03:00,15:03,C-Osaka,1-0,FC-Tokyo,YANMAR STADIUM,17790,1,0,WIN,LOSS
2018,J1,1st Day 8th Sec,2018-04-14 19:03:00,19:03,Sendai,0-0,Kawasaki-F,Yurtec.S,14024,0,0,DRAW,DRAW
2018,J1,2nd Day 8th Sec,2018-04-15 14:03:00,14:03,Yokohama F･M,1-2,Kobe,Nissan.S,16313,1,2,LOSS,WIN
2018,J1,2nd Day 8th Sec,2018-04-15 15:04:00,15:04,Iwata,1-0,Tosu,Yamaha,11126,1,0,WIN,LOSS
2018,J1,2nd Day 8th Sec,2018-04-15 16:03:00,16:03,Shonan,0-2,Hiroshima,BMW.S Hiratsuka,10082,0,2,LOSS,WIN
2018,J1,2nd Day 8th Sec,2018-04-15 16:04:00,16:04,Urawa,2-1,Shimizu,Saitama.S,28295,2,1,WIN,LOSS
2018,J1,1st Day 9th Sec,2018-04-21 13:03:00,13:03,Shimizu,0-1,FC-Tokyo,IAI.S,12615,0,1,LOSS,WIN
2018,J1,1st Day 9th Sec,2018-04-21 14:03:00,14:03,Hiroshima,1-0,Tosu,EDION Stadium.H,13706,1,0,WIN,LOSS
2018,J1,1st Day 9th Sec,2018-04-21 14:03:00,14:03,Sendai,0-3,Iwata,Yurtec.S,13316,0,3,LOSS,WIN
2018,J1,1st Day 9th Sec,2018-04-21 16:03:00,16:03,Yokohama F･M,4-4,Shonan,Nissan.S,19117,4,4,DRAW,DRAW
2018,J1,1st Day 9th Sec,2018-04-21 16:03:00,16:03,Kawasaki-F,4-1,Kashima,Todoroki,24358,4,1,WIN,LOSS
2018,J1,1st Day 9th Sec,2018-04-21 16:03:00,16:03,Urawa,0-0,Sapporo,Saitama.S,39091,0,0,DRAW,DRAW
2018,J1,1st Day 9th Sec,2018-04-21 16:03:00,16:03,Kobe,3-0,Nagoya,NOEVIR.S,18681,3,0,WIN,LOSS
2018,J1,1st Day 9th Sec,2018-04-21 19:03:00,19:03,G-Osaka,1-0,C-Osaka,Suita S,35242,1,0,WIN,LOSS
2018,J1,2nd Day 9th Sec,2018-04-22 16:03:00,16:03,Nagasaki,1-0,Kashiwa,trasta,7676,1,0,WIN,LOSS
2018,J1,1st Day 10th Sec,2018-04-25 19:03:00,19:03,Nagoya,1-3,Shimizu,Paloma Mizuho,9774,1,3,LOSS,WIN
2018,J1,1st Day 10th Sec,2018-04-25 19:03:00,19:03,C-Osaka,2-1,Sendai,KINCHO.S,8165,2,1,WIN,LOSS
2018,J1,1st Day 10th Sec,2018-04-25 19:03:00,19:03,Tosu,0-2,Kawasaki-F,Best Amenity.S,8490,0,2,LOSS,WIN
2018,J1,1st Day 10th Sec,2018-04-25 19:03:00,19:03,Shonan,1-0,G-Osaka,BMW.S Hiratsuka,8002,1,0,WIN,LOSS
2018,J1,1st Day 10th Sec,2018-04-25 19:03:00,19:03,Kashima,1-1,Kobe,Kashima,7672,1,1,DRAW,DRAW
2018,J1,1st Day 10th Sec,2018-04-25 19:03:00,19:03,Kashiwa,1-0,Urawa,SANKYO FKashiwa,11257,1,0,WIN,LOSS
2018,J1,1st Day 10th Sec,2018-04-25 19:03:00,19:03,FC-Tokyo,3-1,Hiroshima,Ajinomoto,13425,3,1,WIN,LOSS
2018,J1,1st Day 10th Sec,2018-04-25 19:03:00,19:03,Iwata,1-2,Nagasaki,Yamaha,8047,1,2,LOSS,WIN
2018,J1,1st Day 10th Sec,2018-04-25 19:03:00,19:03,Sapporo,2-1,Yokohama F･M,Atsubetsu,6729,2,1,WIN,LOSS
2018,J1,1st Day 11th Sec,2018-04-28 13:03:00,13:03,Nagasaki,0-2,Hiroshima,trasta,10639,0,2,LOSS,WIN
2018,J1,1st Day 11th Sec,2018-04-28 14:03:00,14:03,Sendai,2-2,Sapporo,Yurtec.S,13812,2,2,DRAW,DRAW
2018,J1,1st Day 11th Sec,2018-04-28 14:03:00,14:03,Shimizu,2-1,Kashiwa,IAI.S,13100,2,1,WIN,LOSS
2018,J1,1st Day 11th Sec,2018-04-28 15:03:00,15:03,FC-Tokyo,3-2,Nagoya,Ajinomoto,25185,3,2,WIN,LOSS
2018,J1,1st Day 11th Sec,2018-04-28 15:03:00,15:03,Iwata,1-1,C-Osaka,Yamaha,13884,1,1,DRAW,DRAW
2018,J1,1st Day 11th Sec,2018-04-28 16:03:00,16:03,Kobe,1-2,Kawasaki-F,NOEVIR.S,19847,1,2,LOSS,WIN
2018,J1,1st Day 11th Sec,2018-04-28 16:04:00,16:04,Urawa,0-1,Shonan,Saitama.S,33132,0,1,LOSS,WIN
2018,J1,1st Day 11th Sec,2018-04-28 19:03:00,19:03,Yokohama F･M,3-0,Kashima,Nissan.S,27348,3,0,WIN,LOSS
2018,J1,2nd Day 11th Sec,2018-04-29 16:03:00,16:03,G-Osaka,3-0,Tosu,Suita S,18642,3,0,WIN,LOSS
2018,J1,1st Day 12th Sec,2018-05-02 19:03:00,19:03,G-Osaka,1-0,Sendai,Suita S,11824,1,0,WIN,LOSS
2018,J1,1st Day 12th Sec,2018-05-02 19:03:00,19:03,Kashima,2-1,Nagasaki,Kashima,11848,2,1,WIN,LOSS
2018,J1,1st Day 12th Sec,2018-05-02 19:03:00,19:03,Shonan,1-2,Kashiwa,BMW.S Hiratsuka,8536,1,2,LOSS,WIN
2018,J1,1st Day 12th Sec,2018-05-02 19:03:00,19:03,Nagoya,0-0,C-Osaka,Paloma Mizuho,13220,0,0,DRAW,DRAW
2018,J1,1st Day 12th Sec,2018-05-02 19:03:00,19:03,Yokohama F･M,1-3,Iwata,Nissan.S,19738,1,3,LOSS,WIN
2018,J1,1st Day 12th Sec,2018-05-02 19:03:00,19:03,Kawasaki-F,0-2,Urawa,Todoroki,22817,0,2,LOSS,WIN
2018,J1,1st Day 12th Sec,2018-05-02 19:03:00,19:03,Kobe,0-0,FC-Tokyo,NOEVIR.S,9015,0,0,DRAW,DRAW
2018,J1,1st Day 12th Sec,2018-05-02 19:33:00,19:33,Hiroshima,2-0,Shimizu,EDION Stadium.H,8029,2,0,WIN,LOSS
2018,J1,1st Day 12th Sec,2018-05-02 20:03:00,20:03,Tosu,1-2,Sapporo,Best Amenity.S,7377,1,2,LOSS,WIN
2018,J1,1st Day 13th Sec,2018-05-05 14:02:00,14:02,Kawasaki-F,0-2,FC-Tokyo,Todoroki,24677,0,2,LOSS,WIN
2018,J1,1st Day 13th Sec,2018-05-05 14:03:00,14:03,Kashiwa,1-2,Iwata,SANKYO FKashiwa,14208,1,2,LOSS,WIN
2018,J1,1st Day 13th Sec,2018-05-05 14:03:00,14:03,Sapporo,2-0,G-Osaka,Atsubetsu,12382,2,0,WIN,LOSS
2018,J1,1st Day 13th Sec,2018-05-05 15:04:00,15:04,C-Osaka,3-1,Nagasaki,YANMAR STADIUM,29845,3,1,WIN,LOSS
2018,J1,1st Day 13th Sec,2018-05-05 17:03:00,17:03,Kashima,1-0,Urawa,Kashima,33647,1,0,WIN,LOSS
2018,J1,1st Day 13th Sec,2018-05-05 19:03:00,19:03,Nagoya,1-1,Yokohama F･M,Toyota.S,38280,1,1,DRAW,DRAW
2018,J1,2nd Day 13th Sec,2018-05-06 15:03:00,15:03,Tosu,3-1,Shimizu,Best Amenity.S,14103,3,1,WIN,LOSS
2018,J1,2nd Day 13th Sec,2018-05-06 16:03:00,16:03,Shonan,1-3,Sendai,BMW.S Hiratsuka,11805,1,3,LOSS,WIN
2018,J1,2nd Day 13th Sec,2018-05-06 17:03:00,17:03,Hiroshima,2-0,Kobe,EDION Stadium.H,11100,2,0,WIN,LOSS
2018,J1,1st Day 14th Sec,2018-05-12 14:03:00,14:03,Nagasaki,3-0,Nagoya,trasta,8252,3,0,WIN,LOSS
2018,J1,1st Day 14th Sec,2018-05-12 14:03:00,14:03,Shimizu,4-2,Shonan,IAI.S,14624,4,2,WIN,LOSS
2018,J1,1st Day 14th Sec,2018-05-12 14:03:00,14:03,Iwata,0-2,Kobe,Yamaha,14912,0,2,LOSS,WIN
2018,J1,1st Day 14th Sec,2018-05-12 15:03:00,15:03,Kashiwa,1-2,Kawasaki-F,SANKYO FKashiwa,12584,1,2,LOSS,WIN
2018,J1,1st Day 14th Sec,2018-05-12 16:03:00,16:03,Sendai,1-3,Hiroshima,Yurtec.S,15115,1,3,LOSS,WIN
2018,J1,1st Day 14th Sec,2018-05-12 19:03:00,19:03,Yokohama F･M,1-1,G-Osaka,Nissan.S,21576,1,1,DRAW,DRAW
2018,J1,2nd Day 14th Sec,2018-05-13 14:04:00,14:04,Urawa,0-0,Tosu,Saitama.S,40137,0,0,DRAW,DRAW
2018,J1,2nd Day 14th Sec,2018-05-13 16:04:00,16:04,FC-Tokyo,0-0,Sapporo,Ajinomoto,24589,0,0,DRAW,DRAW
2018,J1,1st Day 15th Sec,2018-05-19 14:02:00,14:02,G-Osaka,0-0,Urawa,Suita S,25361,0,0,DRAW,DRAW
2018,J1,1st Day 15th Sec,2018-05-19 14:03:00,14:03,Yokohama F･M,5-2,Nagasaki,Nissan.S,17379,5,2,WIN,LOSS
2018,J1,1st Day 15th Sec,2018-05-19 19:03:00,19:03,Shonan,1-0,Iwata,BMW.S Hiratsuka,14385,1,0,WIN,LOSS
2018,J1,2nd Day 15th Sec,2018-05-20 14:03:00,14:03,Nagoya,2-3,Kashiwa,Toyota.S,21327,2,3,LOSS,WIN
2018,J1,2nd Day 15th Sec,2018-05-20 14:03:00,14:03,Kashima,1-2,Sendai,Kashima,23942,1,2,LOSS,WIN
2018,J1,2nd Day 15th Sec,2018-05-20 15:03:00,15:03,Tosu,0-0,FC-Tokyo,Best Amenity.S,12163,0,0,DRAW,DRAW
2018,J1,2nd Day 15th Sec,2018-05-20 15:04:00,15:04,Kawasaki-F,3-0,Shimizu,Todoroki,23969,3,0,WIN,LOSS
2018,J1,2nd Day 15th Sec,2018-05-20 16:03:00,16:03,Hiroshima,0-2,C-Osaka,EDION Stadium.H,20219,0,2,LOSS,WIN
2018,J1,2nd Day 15th Sec,2018-05-20 17:04:00,17:04,Kobe,4-0,Sapporo,NOEVIR.S,18725,4,0,WIN,LOSS
2018,J1,1st Day 16th Sec,2018-07-18 19:03:00,19:03,Hiroshima,4-0,G-Osaka,EDION Stadium.H,7835,4,0,WIN,LOSS
2018,J1,1st Day 16th Sec,2018-07-18 19:03:00,19:03,Shimizu,3-0,C-Osaka,IAI.S,9782,3,0,WIN,LOSS
2018,J1,1st Day 16th Sec,2018-07-18 19:03:00,19:03,Iwata,3-3,Kashima,Yamaha,13577,3,3,DRAW,DRAW
2018,J1,1st Day 16th Sec,2018-07-18 19:03:00,19:03,Nagasaki,0-1,Kobe,trasta,9366,0,1,LOSS,WIN
2018,J1,1st Day 16th Sec,2018-07-18 19:03:00,19:03,Sapporo,1-2,Kawasaki-F,Atsubetsu,10711,1,2,LOSS,WIN
2018,J1,1st Day 16th Sec,2018-07-18 19:04:00,19:04,Shonan,1-1,Tosu,BMW.S Hiratsuka,9229,1,1,DRAW,DRAW
2018,J1,1st Day 16th Sec,2018-07-18 19:04:00,19:04,Kashiwa,0-1,FC-Tokyo,SANKYO FKashiwa,11453,0,1,LOSS,WIN
2018,J1,1st Day 16th Sec,2018-07-18 19:04:00,19:04,Sendai,2-8,Yokohama F･M,Yurtec.S,13081,2,8,LOSS,WIN
2018,J1,1st Day 16th Sec,2018-07-18 19:33:00,19:33,Urawa,3-1,Nagoya,Saitama.S,21250,3,1,WIN,LOSS
2018,J1,1st Day 17th Sec,2018-07-22 18:03:00,18:03,Nagoya,0-0,Hiroshima,Toyota.S,20244,0,0,DRAW,DRAW
2018,J1,1st Day 17th Sec,2018-07-22 18:03:00,18:03,Kobe,0-3,Shonan,NOEVIR.S,26146,0,3,LOSS,WIN
2018,J1,1st Day 17th Sec,2018-07-22 18:33:00,18:33,Kashima,6-2,Kashiwa,Kashima,24480,6,2,WIN,LOSS
2018,J1,1st Day 17th Sec,2018-07-22 19:03:00,19:03,G-Osaka,1-2,Shimizu,Suita S,17542,1,2,LOSS,WIN
2018,J1,1st Day 17th Sec,2018-07-22 19:03:00,19:03,Sapporo,0-0,Iwata,Atsubetsu,10723,0,0,DRAW,DRAW
2018,J1,1st Day 17th Sec,2018-07-22 19:03:00,19:03,Kawasaki-F,1-0,Nagasaki,Todoroki,22221,1,0,WIN,LOSS
2018,J1,1st Day 17th Sec,2018-07-22 19:03:00,19:03,Tosu,0-1,Sendai,Best Amenity.S,17537,0,1,LOSS,WIN
2018,J1,1st Day 17th Sec,2018-07-22 19:03:00,19:03,C-Osaka,1-1,Urawa,YANMAR STADIUM,27915,1,1,DRAW,DRAW
2018,J1,1st Day 17th Sec,2018-07-22 19:04:00,19:04,FC-Tokyo,5-2,Yokohama F･M,Ajinomoto,34126,5,2,WIN,LOSS
2018,J1,3rd Day 14th Sec,2018-07-25 19:03:00,19:03,C-Osaka,0-2,Kashima,YANMAR STADIUM,16631,0,2,LOSS,WIN
2018,J1,1st Day 18th Sec,2018-07-27 19:03:00,19:03,FC-Tokyo,0-1,Nagasaki,Ajinomoto,23063,0,1,LOSS,WIN
2018,J1,2nd Day 18th Sec,2018-07-28 19:03:00,19:03,G-Osaka,1-1,Kashima,Suita S,28534,1,1,DRAW,DRAW
2018,J1,2nd Day 18th Sec,2018-07-28 19:03:00,19:03,Sendai,2-2,C-Osaka,Yurtec.S,14911,2,2,DRAW,DRAW
2018,J1,2nd Day 18th Sec,2018-07-28 19:03:00,19:03,Kobe,1-0,Kashiwa,NOEVIR.S,22879,1,0,WIN,LOSS
2018,J1,2nd Day 18th Sec,2018-07-28 19:03:00,19:03,Tosu,0-0,Iwata,Best Amenity.S,14333,0,0,DRAW,DRAW
2018,J1,2nd Day 18th Sec,2018-07-28 19:03:00,19:03,Hiroshima,1-4,Urawa,EDION Stadium.H,16944,1,4,LOSS,WIN
2018,J1,1st Day 19th Sec,2018-08-01 19:03:00,19:03,Kashima,1-2,FC-Tokyo,Kashima,12643,1,2,LOSS,WIN
2018,J1,1st Day 19th Sec,2018-08-01 19:03:00,19:03,Urawa,2-0,Kawasaki-F,Saitama.S,28215,2,0,WIN,LOSS
2018,J1,1st Day 19th Sec,2018-08-01 19:03:00,19:03,Sendai,1-2,Nagoya,Yurtec.S,13968,1,2,LOSS,WIN
2018,J1,1st Day 19th Sec,2018-08-01 19:03:00,19:03,Nagasaki,2-3,Sapporo,trasta,6579,2,3,LOSS,WIN
2018,J1,1st Day 19th Sec,2018-08-01 19:03:00,19:03,Shimizu,1-0,Tosu,IAI.S,14307,1,0,WIN,LOSS
2018,J1,1st Day 19th Sec,2018-08-01 19:03:00,19:03,C-Osaka,1-1,Kobe,KINCHO.S,14241,1,1,DRAW,DRAW
2018,J1,1st Day 19th Sec,2018-08-01 19:03:00,19:03,Iwata,1-1,G-Osaka,Yamaha,13015,1,1,DRAW,DRAW
2018,J1,1st Day 19th Sec,2018-08-01 19:33:00,19:33,Kashiwa,0-2,Shonan,SANKYO FKashiwa,9846,0,2,LOSS,WIN
2018,J1,1st Day 19th Sec,2018-08-01 19:33:00,19:33,Yokohama F･M,1-4,Hiroshima,NHK SPRING .F,10069,1,4,LOSS,WIN
2018,J1,1st Day 20th Sec,2018-08-05 14:03:00,14:03,Sapporo,1-2,Kashiwa,Sapporo.D,26805,1,2,LOSS,WIN
2018,J1,1st Day 20th Sec,2018-08-05 18:03:00,18:03,Nagoya,3-2,G-Osaka,Toyota.S,22615,3,2,WIN,LOSS
2018,J1,1st Day 20th Sec,2018-08-05 18:33:00,18:33,Kashima,1-0,Shimizu,Kashima,19119,1,0,WIN,LOSS
2018,J1,1st Day 20th Sec,2018-08-05 19:03:00,19:03,Tosu,1-0,C-Osaka,Best Amenity.S,14463,1,0,WIN,LOSS
2018,J1,1st Day 20th Sec,2018-08-05 19:03:00,19:03,FC-Tokyo,1-0,Kobe,Ajinomoto,44801,1,0,WIN,LOSS
2018,J1,1st Day 20th Sec,2018-08-05 19:03:00,19:03,Iwata,3-2,Sendai,Yamaha,12496,3,2,WIN,LOSS
2018,J1,1st Day 20th Sec,2018-08-05 19:03:00,19:03,Kawasaki-F,2-0,Yokohama F･M,Todoroki,23033,2,0,WIN,LOSS
2018,J1,1st Day 20th Sec,2018-08-05 19:03:00,19:03,Urawa,0-0,Nagasaki,Saitama.S,29051,0,0,DRAW,DRAW
2018,J1,1st Day 20th Sec,2018-08-05 19:03:00,19:03,Hiroshima,2-2,Shonan,EDION Stadium.H,11304,2,2,DRAW,DRAW
2018,J1,1st Day 21st Sec,2018-08-10 19:03:00,19:03,G-Osaka,2-1,FC-Tokyo,Suita S,24879,2,1,WIN,LOSS
2018,J1,2nd Day 21st Sec,2018-08-11 13:03:00,13:03,Sapporo,1-1,C-Osaka,Sapporo.D,21614,1,1,DRAW,DRAW
2018,J1,2nd Day 21st Sec,2018-08-11 18:03:00,18:03,Nagoya,4-2,Kashima,Toyota.S,43579,4,2,WIN,LOSS
2018,J1,2nd Day 21st Sec,2018-08-11 18:03:00,18:03,Shimizu,1-2,Kawasaki-F,IAI.S,18129,1,2,LOSS,WIN
2018,J1,2nd Day 21st Sec,2018-08-11 19:03:00,19:03,Kashiwa,0-2,Sendai,SANKYO FKashiwa,12666,0,2,LOSS,WIN
2018,J1,2nd Day 21st Sec,2018-08-11 19:03:00,19:03,Shonan,0-1,Yokohama F･M,BMW.S Hiratsuka,14862,0,1,LOSS,WIN
2018,J1,2nd Day 21st Sec,2018-08-11 19:03:00,19:03,Kobe,2-1,Iwata,NOEVIR.S,24731,2,1,WIN,LOSS
2018,J1,2nd Day 21st Sec,2018-08-11 19:03:00,19:03,Tosu,1-0,Urawa,Best Amenity.S,19681,1,0,WIN,LOSS
2018,J1,2nd Day 21st Sec,2018-08-11 19:05:00,19:05,Hiroshima,2-0,Nagasaki,EDION Stadium.H,20285,2,0,WIN,LOSS
2018,J1,1st Day 22nd Sec,2018-08-15 19:03:00,19:03,C-Osaka,3-1,Shimizu,KINCHO.S,14628,3,1,WIN,LOSS
2018,J1,1st Day 22nd Sec,2018-08-15 19:03:00,19:03,G-Osaka,1-1,Sapporo,Suita S,21203,1,1,DRAW,DRAW
2018,J1,1st Day 22nd Sec,2018-08-15 19:03:00,19:03,FC-Tokyo,0-1,Kashiwa,Ajinomoto,20986,0,1,LOSS,WIN
2018,J1,1st Day 22nd Sec,2018-08-15 19:03:00,19:03,Kawasaki-F,0-0,Tosu,Todoroki,24390,0,0,DRAW,DRAW
2018,J1,1st Day 22nd Sec,2018-08-15 19:03:00,19:03,Sendai,4-1,Shonan,Yurtec.S,16892,4,1,WIN,LOSS
2018,J1,1st Day 22nd Sec,2018-08-15 19:03:00,19:03,Kobe,1-1,Hiroshima,NOEVIR.S,25499,1,1,DRAW,DRAW
2018,J1,1st Day 22nd Sec,2018-08-15 19:03:00,19:03,Nagasaki,1-2,Kashima,trasta,12328,1,2,LOSS,WIN
2018,J1,1st Day 22nd Sec,2018-08-15 19:04:00,19:04,Urawa,4-0,Iwata,Saitama.S,33824,4,0,WIN,LOSS
2018,J1,1st Day 22nd Sec,2018-08-15 19:33:00,19:33,Yokohama F･M,1-2,Nagoya,Nissan.S,24527,1,2,LOSS,WIN
2018,J1,1st Day 23rd Sec,2018-08-19 13:04:00,13:04,Sapporo,3-2,FC-Tokyo,Sapporo.D,18521,3,2,WIN,LOSS
2018,J1,1st Day 23rd Sec,2018-08-19 18:03:00,18:03,Shimizu,3-3,Urawa,IAI.S,14914,3,3,DRAW,DRAW
2018,J1,1st Day 23rd Sec,2018-08-19 18:03:00,18:03,Nagoya,3-0,Tosu,Paloma Mizuho,19646,3,0,WIN,LOSS
2018,J1,1st Day 23rd Sec,2018-08-19 18:03:00,18:03,Nagasaki,0-2,C-Osaka,trasta,12366,0,2,LOSS,WIN
2018,J1,1st Day 23rd Sec,2018-08-19 18:33:00,18:33,Kashima,1-0,Yokohama F･M,Kashima,21178,1,0,WIN,LOSS
2018,J1,1st Day 23rd Sec,2018-08-19 19:03:00,19:03,Sendai,2-1,G-Osaka,Yurtec.S,16110,2,1,WIN,LOSS
2018,J1,1st Day 23rd Sec,2018-08-19 19:03:00,19:03,Hiroshima,1-2,Kawasaki-F,EDION Stadium.H,14211,1,2,LOSS,WIN
2018,J1,1st Day 23rd Sec,2018-08-19 19:03:00,19:03,Shonan,0-2,Kobe,BMW.S Hiratsuka,15351,0,2,LOSS,WIN
2018,J1,1st Day 23rd Sec,2018-08-19 19:03:00,19:03,Iwata,2-0,Kashiwa,Yamaha,13515,2,0,WIN,LOSS
2018,J1,1st Day 24th Sec,2018-08-24 19:04:00,19:04,Kashima,1-1,Iwata,Kashima,13575,1,1,DRAW,DRAW
2018,J1,2nd Day 24th Sec,2018-08-25 19:03:00,19:03,Kawasaki-F,1-0,Sendai,Todoroki,23816,1,0,WIN,LOSS
2018,J1,2nd Day 24th Sec,2018-08-25 19:03:00,19:03,Kashiwa,5-1,Nagasaki,SANKYO FKashiwa,11534,5,1,WIN,LOSS
2018,J1,2nd Day 24th Sec,2018-08-25 19:03:00,19:03,Shimizu,1-2,Sapporo,IAI.S,13649,1,2,LOSS,WIN
2018,J1,2nd Day 24th Sec,2018-08-25 19:03:00,19:03,C-Osaka,0-1,Hiroshima,YANMAR STADIUM,23442,0,1,LOSS,WIN
2018,J1,3rd Day 24th Sec,2018-08-26 18:03:00,18:03,Nagoya,4-1,Urawa,Toyota.S,26410,4,1,WIN,LOSS
2018,J1,3rd Day 24th Sec,2018-08-26 18:03:00,18:03,Kobe,0-2,Yokohama F･M,NOEVIR.S,25541,0,2,LOSS,WIN
2018,J1,3rd Day 24th Sec,2018-08-26 19:03:00,19:03,Shonan,0-0,FC-Tokyo,BMW.S Hiratsuka,13191,0,0,DRAW,DRAW
2018,J1,3rd Day 24th Sec,2018-08-26 19:03:00,19:03,Tosu,3-0,G-Osaka,Best Amenity.S,20060,3,0,WIN,LOSS
2018,J1,3rd Day 18th Sec,2018-08-29 19:33:00,19:33,Yokohama F･M,1-2,Shimizu,Nissan.S,15645,1,2,LOSS,WIN
2018,J1,1st Day 25th Sec,2018-08-31 19:03:00,19:03,Nagasaki,1-3,Shonan,trasta,11557,1,3,LOSS,WIN
2018,J1,2nd Day 25th Sec,2018-09-01 14:04:00,14:04,Sapporo,3-1,Kobe,Sapporo.D,32475,3,1,WIN,LOSS
2018,J1,2nd Day 25th Sec,2018-09-01 18:33:00,18:33,Yokohama F･M,3-1,Kashiwa,Nissan.S,22752,3,1,WIN,LOSS
2018,J1,2nd Day 25th Sec,2018-09-01 19:03:00,19:03,Hiroshima,3-1,Kashima,EDION Stadium.H,13107,3,1,WIN,LOSS
2018,J1,2nd Day 25th Sec,2018-09-01 19:03:00,19:03,G-Osaka,2-0,Kawasaki-F,Suita S,19683,2,0,WIN,LOSS
2018,J1,2nd Day 25th Sec,2018-09-01 19:03:00,19:03,Sendai,2-1,Shimizu,Yurtec.S,14293,2,1,WIN,LOSS
2018,J1,2nd Day 25th Sec,2018-09-01 19:03:00,19:03,Iwata,1-6,Nagoya,Yamaha,13647,1,6,LOSS,WIN
2018,J1,2nd Day 25th Sec,2018-09-01 19:30:00,19:30,Urawa,1-2,C-Osaka,Saitama.S,27337,1,2,LOSS,WIN
2018,J1,3rd Day 25th Sec,2018-09-02 19:03:00,19:03,FC-Tokyo,0-0,Tosu,Ajinomoto,30867,0,0,DRAW,DRAW
2018,J1,1st Day 26th Sec,2018-09-14 19:03:00,19:03,C-Osaka,1-1,Iwata,KINCHO.S,13112,1,1,DRAW,DRAW
2018,J1,1st Day 26th Sec,2018-09-14 19:03:00,19:03,Kashima,2-1,Shonan,Kashima,10728,2,1,WIN,LOSS
2018,J1,2nd Day 26th Sec,2018-09-15 14:04:00,14:04,Sendai,1-0,FC-Tokyo,Yurtec.S,17887,1,0,WIN,LOSS
2018,J1,2nd Day 26th Sec,2018-09-15 17:03:00,17:03,Tosu,1-0,Hiroshima,Best Amenity.S,15899,1,0,WIN,LOSS
2018,J1,2nd Day 26th Sec,2018-09-15 18:04:00,18:04,Nagoya,3-4,Nagasaki,Paloma Mizuho,18477,3,4,LOSS,WIN
2018,J1,2nd Day 26th Sec,2018-09-15 19:03:00,19:03,Kobe,1-2,G-Osaka,NOEVIR.S,25485,1,2,LOSS,WIN
2018,J1,2nd Day 26th Sec,2018-09-15 19:03:00,19:03,Kashiwa,2-3,Shimizu,SANKYO FKashiwa,11105,2,3,LOSS,WIN
2018,J1,2nd Day 26th Sec,2018-09-15 19:03:00,19:03,Kawasaki-F,7-0,Sapporo,Todoroki,22522,7,0,WIN,LOSS
2018,J1,3rd Day 26th Sec,2018-09-16 16:03:00,16:03,Yokohama F･M,1-2,Urawa,Nissan.S,41686,1,2,LOSS,WIN
2018,J1,1st Day 27th Sec,2018-09-21 19:33:00,19:33,Shimizu,1-2,G-Osaka,IAI.S,14790,1,2,LOSS,WIN
2018,J1,2nd Day 27th Sec,2018-09-22 15:03:00,15:03,Kashiwa,1-1,Tosu,SANKYO FKashiwa,12922,1,1,DRAW,DRAW
2018,J1,2nd Day 27th Sec,2018-09-22 16:03:00,16:03,Iwata,1-2,Yokohama F･M,Yamaha,13451,1,2,LOSS,WIN
2018,J1,2nd Day 27th Sec,2018-09-22 18:03:00,18:03,Nagasaki,1-0,Sendai,trasta,9990,1,0,WIN,LOSS
2018,J1,2nd Day 27th Sec,2018-09-22 19:03:00,19:03,Kawasaki-F,3-1,Nagoya,Todoroki,23790,3,1,WIN,LOSS
2018,J1,2nd Day 27th Sec,2018-09-22 19:03:00,19:03,Hiroshima,1-1,FC-Tokyo,EDION Stadium.H,19031,1,1,DRAW,DRAW
2018,J1,2nd Day 27th Sec,2018-09-22 19:03:00,19:03,Shonan,1-1,C-Osaka,BMW.S Hiratsuka,12173,1,1,DRAW,DRAW
2018,J1,3rd Day 27th Sec,2018-09-23 18:04:00,18:04,Urawa,4-0,Kobe,Saitama.S,55689,4,0,WIN,LOSS
2018,J1,3rd Day 27th Sec,2018-09-23 19:03:00,19:03,Sapporo,0-2,Kashima,Sapporo.D,21074,0,2,LOSS,WIN
2018,J1,4th Day 18th Sec,2018-09-26 19:33:00,19:33,Shonan,0-0,Kawasaki-F,BMW.S Hiratsuka,8816,0,0,DRAW,DRAW
2018,J1,1st Day 28th Sec,2018-09-29 13:03:00,13:03,Sapporo,2-1,Tosu,Sapporo.D,16195,2,1,WIN,LOSS
2018,J1,1st Day 28th Sec,2018-09-29 14:03:00,14:03,Yokohama F･M,5-2,Sendai,NHK SPRING .F,8688,5,2,WIN,LOSS
2018,J1,1st Day 28th Sec,2018-09-29 16:03:00,16:03,Kobe,0-5,Kashima,NOEVIR.S,23774,0,5,LOSS,WIN
2018,J1,1st Day 28th Sec,2018-09-29 16:05:00,16:05,G-Osaka,1-0,Hiroshima,Suita S,34660,1,0,WIN,LOSS
2018,J1,1st Day 28th Sec,2018-09-29 17:05:00,17:05,FC-Tokyo,0-2,Shimizu,Ajinomoto,33789,0,2,LOSS,WIN
2018,J1,1st Day 28th Sec,2018-09-29 19:03:00,19:03,Nagasaki,1-2,Kawasaki-F,trasta,12430,1,2,LOSS,WIN
2018,J1,2nd Day 28th Sec,2018-09-30 14:04:00,14:04,Urawa,3-2,Kashiwa,Saitama.S,26431,3,2,WIN,LOSS
2018,J1,1st Day 29th Sec,2018-10-05 19:35:00,19:35,Yokohama F･M,2-1,Sapporo,Nissan.S,19124,2,1,WIN,LOSS
2018,J1,2nd Day 29th Sec,2018-10-06 14:03:00,14:03,C-Osaka,0-1,G-Osaka,YANMAR STADIUM,34303,0,1,LOSS,WIN
2018,J1,2nd Day 29th Sec,2018-10-06 14:03:00,14:03,Hiroshima,0-3,Kashiwa,EDION Stadium.H,11683,0,3,LOSS,WIN
2018,J1,2nd Day 29th Sec,2018-10-06 19:03:00,19:03,Tosu,0-1,Shonan,Best Amenity.S,11557,0,1,LOSS,WIN
2018,J1,2nd Day 29th Sec,2018-10-06 19:03:00,19:03,Kobe,1-1,Nagasaki,NOEVIR.S,22349,1,1,DRAW,DRAW
2018,J1,3rd Day 29th Sec,2018-10-07 13:03:00,13:03,Kashima,0-0,Kawasaki-F,Kashima,31798,0,0,DRAW,DRAW
2018,J1,3rd Day 29th Sec,2018-10-07 13:10:00,13:10,Sendai,1-1,Urawa,Yurtec.S,18276,1,1,DRAW,DRAW
2018,J1,3rd Day 29th Sec,2018-10-07 15:03:00,15:03,Shimizu,5-1,Iwata,IAI.S,19159,5,1,WIN,LOSS
2018,J1,3rd Day 29th Sec,2018-10-07 16:03:00,16:03,Nagoya,1-2,FC-Tokyo,Toyota.S,33251,1,2,LOSS,WIN
2018,J1,1st Day 30th Sec,2018-10-19 19:33:00,19:33,Kashiwa,0-1,Nagoya,SANKYO FKashiwa,11922,0,1,LOSS,WIN
2018,J1,2nd Day 30th Sec,2018-10-20 14:03:00,14:03,Shimizu,2-0,Hiroshima,IAI.S,14870,2,0,WIN,LOSS
2018,J1,2nd Day 30th Sec,2018-10-20 14:03:00,14:03,Sendai,2-3,Tosu,Yurtec.S,18023,2,3,LOSS,WIN
2018,J1,2nd Day 30th Sec,2018-10-20 15:03:00,15:03,G-Osaka,2-1,Yokohama F･M,Suita S,26630,2,1,WIN,LOSS
2018,J1,2nd Day 30th Sec,2018-10-20 16:04:00,16:04,Urawa,3-1,Kashima,Saitama.S,46893,3,1,WIN,LOSS
2018,J1,2nd Day 30th Sec,2018-10-20 16:04:00,16:04,Shonan,2-2,Sapporo,BMW.S Hiratsuka,11982,2,2,DRAW,DRAW
2018,J1,2nd Day 30th Sec,2018-10-20 19:03:00,19:03,FC-Tokyo,0-1,C-Osaka,Ajinomoto,28053,0,1,LOSS,WIN
2018,J1,2nd Day 30th Sec,2018-10-20 19:03:00,19:03,Kawasaki-F,5-3,Kobe,Todoroki,24441,5,3,WIN,LOSS
2018,J1,3rd Day 30th Sec,2018-10-21 16:03:00,16:03,Nagasaki,0-0,Iwata,trasta,15502,0,0,DRAW,DRAW
2018,J1,5th Day 18th Sec,2018-10-28 15:03:00,15:03,Nagoya,1-2,Sapporo,Paloma Mizuho,17400,1,2,LOSS,WIN
2018,J1,3rd Day 28th Sec,2018-10-30 19:03:00,19:03,Iwata,1-0,Shonan,Yamaha,9026,1,0,WIN,LOSS
2018,J1,1st Day 31st Sec,2018-10-31 19:03:00,19:03,Kashima,1-0,C-Osaka,Kashima,9233,1,0,WIN,LOSS
2018,J1,2nd Day 31st Sec,2018-11-02 19:03:00,19:03,Shonan,0-0,Shimizu,BMW.S Hiratsuka,14354,0,0,DRAW,DRAW
2018,J1,3rd Day 31st Sec,2018-11-03 14:02:00,14:02,Kawasaki-F,3-0,Kashiwa,Todoroki,24487,3,0,WIN,LOSS
2018,J1,3rd Day 31st Sec,2018-11-03 14:03:00,14:03,Nagoya,1-2,Kobe,Toyota.S,41044,1,2,LOSS,WIN
2018,J1,3rd Day 31st Sec,2018-11-03 14:03:00,14:03,Yokohama F･M,0-1,FC-Tokyo,Nissan.S,27252,0,1,LOSS,WIN
2018,J1,3rd Day 31st Sec,2018-11-03 14:03:00,14:03,Iwata,3-2,Hiroshima,Yamaha,14657,3,2,WIN,LOSS
2018,J1,3rd Day 31st Sec,2018-11-03 16:03:00,16:03,Urawa,1-3,G-Osaka,Saitama.S,43943,1,3,LOSS,WIN
2018,J1,4th Day 31st Sec,2018-11-04 14:03:00,14:03,Sapporo,1-0,Sendai,Sapporo.D,24065,1,0,WIN,LOSS
2018,J1,4th Day 31st Sec,2018-11-04 16:04:00,16:04,Tosu,1-0,Nagasaki,Best Amenity.S,22669,1,0,WIN,LOSS
2018,J1,4th Day 28th Sec,2018-11-06 19:03:00,19:03,C-Osaka,0-1,Nagoya,KINCHO.S,12027,0,1,LOSS,WIN
2018,J1,1st Day 32nd Sec,2018-11-06 19:03:00,19:03,Kashiwa,2-3,Kashima,SANKYO FKashiwa,9255,2,3,LOSS,WIN
2018,J1,2nd Day 32nd Sec,2018-11-10 14:03:00,14:03,Hiroshima,0-1,Sendai,EDION Stadium.H,13091,0,1,LOSS,WIN
2018,J1,2nd Day 32nd Sec,2018-11-10 14:03:00,14:03,C-Osaka,2-1,Kawasaki-F,YANMAR STADIUM,26600,2,1,WIN,LOSS
2018,J1,2nd Day 32nd Sec,2018-11-10 14:03:00,14:03,Kobe,0-0,Tosu,NOEVIR.S,26603,0,0,DRAW,DRAW
2018,J1,2nd Day 32nd Sec,2018-11-10 14:03:00,14:03,FC-Tokyo,0-0,Iwata,Ajinomoto,24323,0,0,DRAW,DRAW
2018,J1,2nd Day 32nd Sec,2018-11-10 14:03:00,14:03,Shimizu,2-0,Nagoya,IAI.S,17974,2,0,WIN,LOSS
2018,J1,2nd Day 32nd Sec,2018-11-10 14:03:00,14:03,Sapporo,1-2,Urawa,Atsubetsu,12723,1,2,LOSS,WIN
2018,J1,2nd Day 32nd Sec,2018-11-10 14:04:00,14:04,Nagasaki,0-1,Yokohama F･M,trasta,13226,0,1,LOSS,WIN
2018,J1,2nd Day 32nd Sec,2018-11-10 15:03:00,15:03,G-Osaka,1-0,Shonan,Suita S,23576,1,0,WIN,LOSS
2018,J1,1st Day 33rd Sec,2018-11-24 14:01:00,14:01,Sendai,0-3,Kashima,Yurtec.S,19152,0,3,LOSS,WIN
2018,J1,1st Day 33rd Sec,2018-11-24 14:03:00,14:03,G-Osaka,2-1,Nagasaki,Suita S,27806,2,1,WIN,LOSS
2018,J1,1st Day 33rd Sec,2018-11-24 14:03:00,14:03,FC-Tokyo,0-2,Kawasaki-F,Ajinomoto,37422,0,2,LOSS,WIN
2018,J1,1st Day 33rd Sec,2018-11-24 14:03:00,14:03,Shonan,2-1,Urawa,BMW.S Hiratsuka,14711,2,1,WIN,LOSS
2018,J1,1st Day 33rd Sec,2018-11-24 14:03:00,14:03,C-Osaka,0-3,Kashiwa,YANMAR STADIUM,23110,0,3,LOSS,WIN
2018,J1,1st Day 33rd Sec,2018-11-24 14:03:00,14:03,Hiroshima,1-2,Nagoya,EDION Stadium.H,21997,1,2,LOSS,WIN
2018,J1,1st Day 33rd Sec,2018-11-24 14:03:00,14:03,Tosu,2-1,Yokohama F･M,Best Amenity.S,19187,2,1,WIN,LOSS
2018,J1,1st Day 33rd Sec,2018-11-24 14:04:00,14:04,Shimizu,3-3,Kobe,IAI.S,20109,3,3,DRAW,DRAW
2018,J1,1st Day 33rd Sec,2018-11-24 14:05:00,14:05,Iwata,0-2,Sapporo,Yamaha,14051,0,2,LOSS,WIN
2018,J1,1st Day 34th Sec,2018-12-01 14:03:00,14:03,Kashima,0-0,Tosu,Kashima,31619,0,0,DRAW,DRAW
2018,J1,1st Day 34th Sec,2018-12-01 14:03:00,14:03,Kawasaki-F,2-1,Iwata,Todoroki,24062,2,1,WIN,LOSS
2018,J1,1st Day 34th Sec,2018-12-01 14:03:00,14:03,Sapporo,2-2,Hiroshima,Sapporo.D,34250,2,2,DRAW,DRAW
2018,J1,1st Day 34th Sec,2018-12-01 14:03:00,14:03,Nagoya,2-2,Shonan,Paloma Mizuho,19840,2,2,DRAW,DRAW
2018,J1,1st Day 34th Sec,2018-12-01 14:03:00,14:03,Yokohama F･M,1-2,C-Osaka,Nissan.S,30608,1,2,LOSS,WIN
2018,J1,1st Day 34th Sec,2018-12-01 14:03:00,14:03,Nagasaki,4-4,Shimizu,trasta,12198,4,4,DRAW,DRAW
2018,J1,1st Day 34th Sec,2018-12-01 14:04:00,14:04,Kashiwa,4-2,G-Osaka,SANKYO FKashiwa,13067,4,2,WIN,LOSS
2018,J1,1st Day 34th Sec,2018-12-01 14:04:00,14:04,Kobe,3-2,Sendai,NOEVIR.S,24517,3,2,WIN,LOSS
2018,J1,1st Day 34th Sec,2018-12-01 14:04:00,14:04,Urawa,3-2,FC-Tokyo,Saitama.S,46770,3,2,WIN,LOSS
2019,J1,1st Day 1st Sec,2019-02-22 19:33:00,19:33,C-Osaka,1-0,Kobe,YANMAR STADIUM,42221,1,0,WIN,LOSS
2019,J1,2nd Day 1st Sec,2019-02-23 14:03:00,14:03,Tosu,0-4,Nagoya,EKI.S,18382,0,4,LOSS,WIN
2019,J1,2nd Day 1st Sec,2019-02-23 14:03:00,14:03,Hiroshima,1-1,Shimizu,EDION Stadium.H,14084,1,1,DRAW,DRAW
2019,J1,2nd Day 1st Sec,2019-02-23 14:03:00,14:03,Kawasaki-F,0-0,FC-Tokyo,Todoroki,23113,0,0,DRAW,DRAW
2019,J1,2nd Day 1st Sec,2019-02-23 14:04:00,14:04,Sendai,0-0,Urawa,Yurtec.S,18567,0,0,DRAW,DRAW
2019,J1,2nd Day 1st Sec,2019-02-23 15:03:00,15:03,Kashima,1-2,Oita,Kashima,19463,1,2,LOSS,WIN
2019,J1,2nd Day 1st Sec,2019-02-23 15:04:00,15:04,Iwata,1-1,Matsumoto,Yamaha,14469,1,1,DRAW,DRAW
2019,J1,2nd Day 1st Sec,2019-02-23 15:04:00,15:04,G-Osaka,2-3,Yokohama F･M,Pana.S,27064,2,3,LOSS,WIN
2019,J1,2nd Day 1st Sec,2019-02-23 16:03:00,16:03,Shonan,2-0,Sapporo,BMW.S Hiratsuka,13249,2,0,WIN,LOSS
2019,J1,1st Day 2nd Sec,2019-03-01 19:03:00,19:03,Kawasaki-F,1-1,Kashima,Todoroki,23927,1,1,DRAW,DRAW
2019,J1,1st Day 2nd Sec,2019-03-01 19:03:00,19:03,Hiroshima,0-0,Iwata,EDION Stadium.H,7741,0,0,DRAW,DRAW
2019,J1,2nd Day 2nd Sec,2019-03-02 13:03:00,13:03,Yokohama F･M,2-1,Sendai,Nissan.S,22751,2,1,WIN,LOSS
2019,J1,2nd Day 2nd Sec,2019-03-02 14:03:00,14:03,Shimizu,2-4,G-Osaka,IAI.S,16710,2,4,LOSS,WIN
2019,J1,2nd Day 2nd Sec,2019-03-02 14:03:00,14:03,Nagoya,2-0,C-Osaka,Paloma Mizuho,19861,2,0,WIN,LOSS
2019,J1,2nd Day 2nd Sec,2019-03-02 15:03:00,15:03,Kobe,1-0,Tosu,NOEVIR.S,25172,1,0,WIN,LOSS
2019,J1,2nd Day 2nd Sec,2019-03-02 16:03:00,16:03,Shonan,2-3,FC-Tokyo,BMW.S Hiratsuka,12878,2,3,LOSS,WIN
2019,J1,2nd Day 2nd Sec,2019-03-02 16:04:00,16:04,Urawa,0-2,Sapporo,Saitama.S,41109,0,2,LOSS,WIN
2019,J1,2nd Day 2nd Sec,2019-03-02 16:05:00,16:05,Oita,0-1,Matsumoto,SHOWA DENKO.D,13329,0,1,LOSS,WIN
2019,J1,1st Day 3rd Sec,2019-03-09 14:03:00,14:03,Sapporo,5-2,Shimizu,Sapporo.D,22692,5,2,WIN,LOSS
2019,J1,1st Day 3rd Sec,2019-03-09 14:04:00,14:04,Matsumoto,0-1,Urawa,SUNAL,18922,0,1,LOSS,WIN
2019,J1,1st Day 3rd Sec,2019-03-09 15:03:00,15:03,G-Osaka,2-3,Nagoya,Pana.S,26865,2,3,LOSS,WIN
2019,J1,1st Day 3rd Sec,2019-03-09 15:04:00,15:04,Iwata,1-2,Oita,Yamaha,12345,1,2,LOSS,WIN
2019,J1,1st Day 3rd Sec,2019-03-09 16:03:00,16:03,C-Osaka,0-1,Hiroshima,YANMAR STADIUM,12044,0,1,LOSS,WIN
2019,J1,1st Day 3rd Sec,2019-03-09 16:03:00,16:03,Kashima,1-0,Shonan,Kashima,16659,1,0,WIN,LOSS
2019,J1,2nd Day 3rd Sec,2019-03-10 14:03:00,14:03,FC-Tokyo,2-0,Tosu,Ajinomoto,27937,2,0,WIN,LOSS
2019,J1,2nd Day 3rd Sec,2019-03-10 14:03:00,14:03,Yokohama F･M,2-2,Kawasaki-F,Nissan.S,36216,2,2,DRAW,DRAW
2019,J1,2nd Day 3rd Sec,2019-03-10 14:05:00,14:05,Sendai,1-3,Kobe,Yurtec.S,19503,1,3,LOSS,WIN
2019,J1,1st Day 4th Sec,2019-03-17 13:03:00,13:03,Tosu,1-0,Iwata,EKI.S,14624,1,0,WIN,LOSS
2019,J1,1st Day 4th Sec,2019-03-17 13:33:00,13:33,FC-Tokyo,1-0,Nagoya,Ajinomoto,25656,1,0,WIN,LOSS
2019,J1,1st Day 4th Sec,2019-03-17 14:03:00,14:03,Kobe,1-1,Shimizu,NOEVIR.S,22542,1,1,DRAW,DRAW
2019,J1,1st Day 4th Sec,2019-03-17 14:03:00,14:03,Sapporo,1-3,Kashima,Sapporo.D,23002,1,3,LOSS,WIN
2019,J1,1st Day 4th Sec,2019-03-17 15:03:00,15:03,Hiroshima,1-0,Matsumoto,EDION Stadium.H,13131,1,0,WIN,LOSS
2019,J1,1st Day 4th Sec,2019-03-17 15:03:00,15:03,Kawasaki-F,0-1,G-Osaka,Todoroki,23982,0,1,LOSS,WIN
2019,J1,1st Day 4th Sec,2019-03-17 15:03:00,15:03,C-Osaka,1-2,Urawa,YANMAR STADIUM,21022,1,2,LOSS,WIN
2019,J1,1st Day 4th Sec,2019-03-17 16:03:00,16:03,Oita,2-0,Yokohama F･M,SHOWA DENKO.D,11848,2,0,WIN,LOSS
2019,J1,1st Day 4th Sec,2019-03-17 17:03:00,17:03,Shonan,2-1,Sendai,BMW.S Hiratsuka,9290,2,1,WIN,LOSS
2019,J1,1st Day 5th Sec,2019-03-29 19:33:00,19:33,Yokohama F･M,0-0,Tosu,Nissan.S,20688,0,0,DRAW,DRAW
2019,J1,2nd Day 5th Sec,2019-03-30 14:03:00,14:03,Nagoya,4-0,Sapporo,Toyota.S,31083,4,0,WIN,LOSS
2019,J1,2nd Day 5th Sec,2019-03-30 14:03:00,14:03,Sendai,0-2,C-Osaka,Yurtec.S,10931,0,2,LOSS,WIN
2019,J1,2nd Day 5th Sec,2019-03-30 14:04:00,14:04,Urawa,1-1,FC-Tokyo,Saitama.S,39055,1,1,DRAW,DRAW
2019,J1,2nd Day 5th Sec,2019-03-30 15:03:00,15:03,Iwata,1-1,Kashima,Yamaha,13111,1,1,DRAW,DRAW
2019,J1,2nd Day 5th Sec,2019-03-30 17:03:00,17:03,G-Osaka,3-4,Kobe,Pana.S,37076,3,4,LOSS,WIN
2019,J1,2nd Day 5th Sec,2019-03-30 19:03:00,19:03,Oita,0-1,Hiroshima,SHOWA DENKO.D,11443,0,1,LOSS,WIN
2019,J1,3rd Day 5th Sec,2019-03-31 14:03:00,14:03,Matsumoto,0-2,Kawasaki-F,SUNAL,18563,0,2,LOSS,WIN
2019,J1,3rd Day 5th Sec,2019-03-31 14:03:00,14:03,Shimizu,1-3,Shonan,IAI.S,17169,1,3,LOSS,WIN
2019,J1,1st Day 6th Sec,2019-04-05 19:03:00,19:03,Kashima,2-1,Nagoya,Kashima,14163,2,1,WIN,LOSS
2019,J1,1st Day 6th Sec,2019-04-05 19:03:00,19:03,Kawasaki-F,1-1,C-Osaka,Todoroki,21494,1,1,DRAW,DRAW
2019,J1,1st Day 6th Sec,2019-04-05 19:33:00,19:33,Urawa,0-3,Yokohama F･M,Saitama.S,32555,0,3,LOSS,WIN
2019,J1,2nd Day 6th Sec,2019-04-06 13:03:00,13:03,Sapporo,1-2,Oita,Sapporo.D,13852,1,2,LOSS,WIN
2019,J1,2nd Day 6th Sec,2019-04-06 14:01:00,14:01,Sendai,3-0,Tosu,Yurtec.S,11235,3,0,WIN,LOSS
2019,J1,2nd Day 6th Sec,2019-04-06 14:03:00,14:03,Hiroshima,3-0,G-Osaka,EDION Stadium.H,13331,3,0,WIN,LOSS
2019,J1,2nd Day 6th Sec,2019-04-06 14:03:00,14:03,FC-Tokyo,2-1,Shimizu,Ajinomoto,22302,2,1,WIN,LOSS
2019,J1,2nd Day 6th Sec,2019-04-06 16:03:00,16:03,Shonan,0-2,Iwata,BMW.S Hiratsuka,13282,0,2,LOSS,WIN
2019,J1,2nd Day 6th Sec,2019-04-06 19:04:00,19:04,Matsumoto,2-1,Kobe,SUNAL,18831,2,1,WIN,LOSS
2019,J1,1st Day 7th Sec,2019-04-13 15:03:00,15:03,C-Osaka,0-1,Sapporo,YANMAR STADIUM,15125,0,1,LOSS,WIN
2019,J1,1st Day 7th Sec,2019-04-13 19:03:00,19:03,Yokohama F･M,1-1,Nagoya,Nissan.S,22667,1,1,DRAW,DRAW
2019,J1,2nd Day 7th Sec,2019-04-14 14:03:00,14:03,FC-Tokyo,3-1,Kashima,Ajinomoto,38414,3,1,WIN,LOSS
2019,J1,2nd Day 7th Sec,2019-04-14 14:03:00,14:03,Tosu,0-1,Kawasaki-F,EKI.S,14463,0,1,LOSS,WIN
2019,J1,2nd Day 7th Sec,2019-04-14 15:03:00,15:03,Iwata,1-2,Shimizu,Ecopa,31144,1,2,LOSS,WIN
2019,J1,2nd Day 7th Sec,2019-04-14 16:03:00,16:03,Kobe,2-4,Hiroshima,NOEVIR.S,17708,2,4,LOSS,WIN
2019,J1,2nd Day 7th Sec,2019-04-14 16:03:00,16:03,Oita,2-0,Sendai,SHOWA DENKO.D,11477,2,0,WIN,LOSS
2019,J1,2nd Day 7th Sec,2019-04-14 16:03:00,16:03,G-Osaka,0-1,Urawa,Pana.S,27870,0,1,LOSS,WIN
2019,J1,2nd Day 7th Sec,2019-04-14 17:03:00,17:03,Shonan,1-1,Matsumoto,BMW.S Hiratsuka,10417,1,1,DRAW,DRAW
2019,J1,1st Day 8th Sec,2019-04-19 19:03:00,19:03,Hiroshima,0-1,FC-Tokyo,EDION Stadium.H,15827,0,1,LOSS,WIN
2019,J1,1st Day 8th Sec,2019-04-19 19:03:00,19:03,Kawasaki-F,2-0,Shonan,Todoroki,19556,2,0,WIN,LOSS
2019,J1,2nd Day 8th Sec,2019-04-20 13:03:00,13:03,Urawa,1-0,Kobe,Saitama.S,54599,1,0,WIN,LOSS
2019,J1,2nd Day 8th Sec,2019-04-20 13:03:00,13:03,Sapporo,3-0,Yokohama F･M,Sapporo.D,15674,3,0,WIN,LOSS
2019,J1,2nd Day 8th Sec,2019-04-20 14:03:00,14:03,Nagoya,1-0,Iwata,Toyota.S,28585,1,0,WIN,LOSS
2019,J1,2nd Day 8th Sec,2019-04-20 14:04:00,14:04,Matsumoto,1-0,Tosu,SUNAL,16367,1,0,WIN,LOSS
2019,J1,2nd Day 8th Sec,2019-04-20 15:03:00,15:03,Shimizu,1-0,C-Osaka,IAI.S,11028,1,0,WIN,LOSS
2019,J1,2nd Day 8th Sec,2019-04-20 15:03:00,15:03,Kashima,1-0,Sendai,Kashima,16844,1,0,WIN,LOSS
2019,J1,2nd Day 8th Sec,2019-04-20 16:03:00,16:03,G-Osaka,1-1,Oita,Pana.S,17727,1,1,DRAW,DRAW
2019,J1,1st Day 9th Sec,2019-04-27 14:04:00,14:04,C-Osaka,0-0,Oita,YANMAR STADIUM,19910,0,0,DRAW,DRAW
2019,J1,2nd Day 9th Sec,2019-04-28 13:03:00,13:03,Sendai,2-1,G-Osaka,Yurtec.S,16004,2,1,WIN,LOSS
2019,J1,2nd Day 9th Sec,2019-04-28 13:03:00,13:03,Yokohama F･M,2-1,Kashima,Nissan.S,38561,2,1,WIN,LOSS
2019,J1,2nd Day 9th Sec,2019-04-28 14:03:00,14:03,Kobe,1-2,Kawasaki-F,NOEVIR.S,25929,1,2,LOSS,WIN
2019,J1,2nd Day 9th Sec,2019-04-28 14:03:00,14:03,Tosu,0-2,Shonan,EKI.S,13280,0,2,LOSS,WIN
2019,J1,2nd Day 9th Sec,2019-04-28 14:03:00,14:03,FC-Tokyo,2-0,Matsumoto,Ajinomoto,36412,2,0,WIN,LOSS
2019,J1,2nd Day 9th Sec,2019-04-28 15:03:00,15:03,Nagoya,1-0,Hiroshima,Toyota.S,40000,1,0,WIN,LOSS
2019,J1,2nd Day 9th Sec,2019-04-28 15:03:00,15:03,Iwata,1-2,Sapporo,Yamaha,13904,1,2,LOSS,WIN
2019,J1,2nd Day 9th Sec,2019-04-28 16:03:00,16:03,Shimizu,0-2,Urawa,IAI.S,18246,0,2,LOSS,WIN
2019,J1,1st Day 10th Sec,2019-05-03 14:03:00,14:03,Hiroshima,0-1,Yokohama F･M,EDION Stadium.H,23559,0,1,LOSS,WIN
2019,J1,1st Day 10th Sec,2019-05-03 14:04:00,14:04,Urawa,0-1,Iwata,Saitama.S,53361,0,1,LOSS,WIN
2019,J1,1st Day 10th Sec,2019-05-03 15:03:00,15:03,Kashima,3-0,Shimizu,Kashima,31182,3,0,WIN,LOSS
2019,J1,1st Day 10th Sec,2019-05-03 15:03:00,15:03,Kawasaki-F,3-1,Sendai,Todoroki,25789,3,1,WIN,LOSS
2019,J1,2nd Day 10th Sec,2019-05-04 14:03:00,14:03,Matsumoto,0-2,C-Osaka,SUNAL,18397,0,2,LOSS,WIN
2019,J1,2nd Day 10th Sec,2019-05-04 14:03:00,14:03,Sapporo,2-1,Kobe,Sapporo.D,34591,2,1,WIN,LOSS
2019,J1,2nd Day 10th Sec,2019-05-04 16:03:00,16:03,G-Osaka,0-0,FC-Tokyo,Pana.S,33905,0,0,DRAW,DRAW
2019,J1,2nd Day 10th Sec,2019-05-04 16:03:00,16:03,Oita,2-0,Tosu,SHOWA DENKO.D,24516,2,0,WIN,LOSS
2019,J1,2nd Day 10th Sec,2019-05-04 16:03:00,16:03,Shonan,1-1,Nagoya,BMW.S Hiratsuka,14221,1,1,DRAW,DRAW
2019,J1,1st Day 11th Sec,2019-05-11 14:03:00,14:03,Tosu,3-1,G-Osaka,EKI.S,14789,3,1,WIN,LOSS
2019,J1,1st Day 11th Sec,2019-05-11 15:04:00,15:04,C-Osaka,3-0,Yokohama F･M,YANMAR STADIUM,14934,3,0,WIN,LOSS
2019,J1,2nd Day 11th Sec,2019-05-12 13:04:00,13:04,Matsumoto,0-0,Sapporo,SUNAL,16646,0,0,DRAW,DRAW
2019,J1,2nd Day 11th Sec,2019-05-12 13:10:00,13:10,Sendai,2-1,Hiroshima,Yurtec.S,12180,2,1,WIN,LOSS
2019,J1,2nd Day 11th Sec,2019-05-12 14:03:00,14:03,FC-Tokyo,1-0,Iwata,Ajinomoto,31075,1,0,WIN,LOSS
2019,J1,2nd Day 11th Sec,2019-05-12 14:03:00,14:03,Shimizu,0-4,Kawasaki-F,IAI.S,14125,0,4,LOSS,WIN
2019,J1,2nd Day 11th Sec,2019-05-12 14:03:00,14:03,Kobe,0-1,Kashima,NOEVIR.S,20119,0,1,LOSS,WIN
2019,J1,2nd Day 11th Sec,2019-05-12 15:03:00,15:03,Nagoya,2-0,Urawa,Toyota.S,30839,2,0,WIN,LOSS
2019,J1,2nd Day 11th Sec,2019-05-12 16:03:00,16:03,Shonan,0-1,Oita,BMW.S Hiratsuka,11550,0,1,LOSS,WIN
2019,J1,1st Day 12th Sec,2019-05-17 19:03:00,19:03,Hiroshima,0-1,Tosu,EDION Stadium.H,10293,0,1,LOSS,WIN
2019,J1,1st Day 12th Sec,2019-05-17 19:03:00,19:03,Kawasaki-F,1-1,Nagoya,Todoroki,24821,1,1,DRAW,DRAW
2019,J1,1st Day 12th Sec,2019-05-17 19:33:00,19:33,Urawa,2-3,Shonan,Saitama.S,23221,2,3,LOSS,WIN
2019,J1,2nd Day 12th Sec,2019-05-18 14:03:00,14:03,Iwata,2-0,Sendai,Yamaha,12864,2,0,WIN,LOSS
2019,J1,2nd Day 12th Sec,2019-05-18 14:03:00,14:03,Yokohama F･M,4-1,Kobe,Nissan.S,44210,4,1,WIN,LOSS
2019,J1,2nd Day 12th Sec,2019-05-18 14:03:00,14:03,FC-Tokyo,2-0,Sapporo,Ajinomoto,24772,2,0,WIN,LOSS
2019,J1,2nd Day 12th Sec,2019-05-18 15:03:00,15:03,Kashima,5-0,Matsumoto,Kashima,20700,5,0,WIN,LOSS
2019,J1,2nd Day 12th Sec,2019-05-18 16:03:00,16:03,Oita,1-1,Shimizu,SHOWA DENKO.D,11563,1,1,DRAW,DRAW
2019,J1,2nd Day 12th Sec,2019-05-18 19:03:00,19:03,G-Osaka,1-0,C-Osaka,Pana.S,35861,1,0,WIN,LOSS
2019,J1,1st Day 13th Sec,2019-05-25 14:03:00,14:03,Shimizu,4-3,Sendai,IAI.S,12234,4,3,WIN,LOSS
2019,J1,1st Day 13th Sec,2019-05-25 14:03:00,14:03,Sapporo,0-0,G-Osaka,Sapporo.D,15690,0,0,DRAW,DRAW
2019,J1,1st Day 13th Sec,2019-05-25 15:03:00,15:03,C-Osaka,1-0,FC-Tokyo,YANMAR STADIUM,24624,1,0,WIN,LOSS
2019,J1,2nd Day 13th Sec,2019-05-26 13:03:00,13:03,Yokohama F･M,4-0,Iwata,Nissan.S,26046,4,0,WIN,LOSS
2019,J1,2nd Day 13th Sec,2019-05-26 14:03:00,14:03,Tosu,1-0,Kashima,EKI.S,14130,1,0,WIN,LOSS
2019,J1,2nd Day 13th Sec,2019-05-26 14:03:00,14:03,Urawa,0-4,Hiroshima,Saitama.S,33235,0,4,LOSS,WIN
2019,J1,2nd Day 13th Sec,2019-05-26 15:03:00,15:03,Nagoya,0-1,Matsumoto,Toyota.S,29181,0,1,LOSS,WIN
2019,J1,2nd Day 13th Sec,2019-05-26 15:03:00,15:03,Kobe,4-1,Shonan,NOEVIR.S,18091,4,1,WIN,LOSS
2019,J1,2nd Day 13th Sec,2019-05-26 16:03:00,16:03,Oita,0-1,Kawasaki-F,SHOWA DENKO.D,14012,0,1,LOSS,WIN
2019,J1,1st Day 14th Sec,2019-05-31 19:03:00,19:03,Shonan,1-2,Yokohama F･M,BMW.S Hiratsuka,14031,1,2,LOSS,WIN
2019,J1,2nd Day 14th Sec,2019-06-01 14:03:00,14:03,Sendai,3-1,Nagoya,Yurtec.S,12853,3,1,WIN,LOSS
2019,J1,2nd Day 14th Sec,2019-06-01 14:03:00,14:03,FC-Tokyo,3-1,Oita,Ajinomoto,25175,3,1,WIN,LOSS
2019,J1,2nd Day 14th Sec,2019-06-01 14:03:00,14:03,Sapporo,1-0,Hiroshima,Sapporo.D,14189,1,0,WIN,LOSS
2019,J1,2nd Day 14th Sec,2019-06-01 15:03:00,15:03,Iwata,1-1,Kobe,Ecopa,26753,1,1,DRAW,DRAW
2019,J1,2nd Day 14th Sec,2019-06-01 16:03:00,16:03,Tosu,0-1,C-Osaka,EKI.S,12083,0,1,LOSS,WIN
2019,J1,2nd Day 14th Sec,2019-06-01 18:03:00,18:03,Matsumoto,1-1,Shimizu,SUNAL,16236,1,1,DRAW,DRAW
2019,J1,2nd Day 14th Sec,2019-06-01 19:03:00,19:03,G-Osaka,1-1,Kashima,Pana.S,30495,1,1,DRAW,DRAW
2019,J1,2nd Day 14th Sec,2019-06-01 19:03:00,19:03,Kawasaki-F,1-1,Urawa,Todoroki,24578,1,1,DRAW,DRAW
2019,J1,1st Day 15th Sec,2019-06-14 19:03:00,19:03,Hiroshima,2-0,Shonan,EDION Stadium.H,6491,2,0,WIN,LOSS
2019,J1,1st Day 15th Sec,2019-06-14 19:03:00,19:03,Kashima,2-0,C-Osaka,Kashima,10208,2,0,WIN,LOSS
2019,J1,1st Day 15th Sec,2019-06-14 19:03:00,19:03,Kawasaki-F,1-1,Sapporo,Todoroki,22609,1,1,DRAW,DRAW
2019,J1,2nd Day 15th Sec,2019-06-15 18:03:00,18:03,Shimizu,3-2,Yokohama F･M,IAI.S,12360,3,2,WIN,LOSS
2019,J1,2nd Day 15th Sec,2019-06-15 19:03:00,19:03,Oita,1-1,Nagoya,SHOWA DENKO.D,14346,1,1,DRAW,DRAW
2019,J1,2nd Day 15th Sec,2019-06-15 19:03:00,19:03,FC-Tokyo,0-1,Kobe,Ajinomoto,38506,0,1,LOSS,WIN
2019,J1,2nd Day 15th Sec,2019-06-15 19:03:00,19:03,Iwata,0-0,G-Osaka,Yamaha,12352,0,0,DRAW,DRAW
2019,J1,2nd Day 15th Sec,2019-06-15 19:03:00,19:03,Matsumoto,0-1,Sendai,SUNAL,14078,0,1,LOSS,WIN
2019,J1,2nd Day 15th Sec,2019-06-15 19:04:00,19:04,Urawa,2-1,Tosu,Saitama.S,28081,2,1,WIN,LOSS
2019,J1,1st Day 16th Sec,2019-06-22 14:03:00,14:03,Sapporo,3-1,Tosu,Atsubetsu,6836,3,1,WIN,LOSS
2019,J1,1st Day 16th Sec,2019-06-22 18:03:00,18:03,Yokohama F･M,1-0,Matsumoto,Nissan.S,27364,1,0,WIN,LOSS
2019,J1,1st Day 16th Sec,2019-06-22 18:03:00,18:03,Kobe,2-2,Oita,NOEVIR.S,20192,2,2,DRAW,DRAW
2019,J1,1st Day 16th Sec,2019-06-22 19:03:00,19:03,Nagoya,1-2,Shimizu,Paloma Mizuho,19501,1,2,LOSS,WIN
2019,J1,1st Day 16th Sec,2019-06-22 19:03:00,19:03,G-Osaka,1-0,Shonan,Pana.S,19162,1,0,WIN,LOSS
2019,J1,1st Day 16th Sec,2019-06-22 19:03:00,19:03,C-Osaka,2-0,Iwata,YANMAR STADIUM,17728,2,0,WIN,LOSS
2019,J1,2nd Day 16th Sec,2019-06-23 19:03:00,19:03,Sendai,2-0,FC-Tokyo,Yurtec.S,12343,2,0,WIN,LOSS
2019,J1,1st Day 17th Sec,2019-06-29 18:03:00,18:03,Matsumoto,1-3,G-Osaka,SUNAL,15690,1,3,LOSS,WIN
2019,J1,1st Day 17th Sec,2019-06-29 19:03:00,19:03,FC-Tokyo,4-2,Yokohama F･M,Ajinomoto,33705,4,2,WIN,LOSS
2019,J1,2nd Day 17th Sec,2019-06-30 18:03:00,18:03,Kobe,5-3,Nagoya,NOEVIR.S,22123,5,3,WIN,LOSS
2019,J1,2nd Day 17th Sec,2019-06-30 18:33:00,18:33,Kashima,2-2,Hiroshima,Kashima,13502,2,2,DRAW,DRAW
2019,J1,2nd Day 17th Sec,2019-06-30 19:03:00,19:03,Sendai,2-1,Sapporo,Yurtec.S,12125,2,1,WIN,LOSS
2019,J1,2nd Day 17th Sec,2019-06-30 19:03:00,19:03,Shonan,0-2,C-Osaka,BMW.S Hiratsuka,12821,0,2,LOSS,WIN
2019,J1,2nd Day 17th Sec,2019-06-30 19:03:00,19:03,Iwata,1-3,Kawasaki-F,Yamaha,11241,1,3,LOSS,WIN
2019,J1,2nd Day 17th Sec,2019-06-30 19:03:00,19:03,Oita,2-0,Urawa,SHOWA DENKO.D,14519,2,0,WIN,LOSS
2019,J1,2nd Day 17th Sec,2019-06-30 19:33:00,19:33,Tosu,4-2,Shimizu,EKI.S,8698,4,2,WIN,LOSS
2019,J1,1st Day 18th Sec,2019-07-06 18:03:00,18:03,Shimizu,2-1,Kobe,IAI.S,15420,2,1,WIN,LOSS
2019,J1,1st Day 18th Sec,2019-07-06 19:03:00,19:03,Yokohama F･M,1-0,Oita,NHK SPRING .F,11186,1,0,WIN,LOSS
2019,J1,1st Day 18th Sec,2019-07-06 19:03:00,19:03,Hiroshima,1-1,C-Osaka,EDION Stadium.H,15032,1,1,DRAW,DRAW
2019,J1,1st Day 18th Sec,2019-07-06 19:03:00,19:03,Kashima,2-0,Iwata,Kashima,17442,2,0,WIN,LOSS
2019,J1,1st Day 18th Sec,2019-07-06 19:04:00,19:04,Urawa,1-0,Sendai,Saitama.S,28904,1,0,WIN,LOSS
2019,J1,2nd Day 18th Sec,2019-07-07 14:03:00,14:03,Sapporo,1-1,Matsumoto,Sapporo.D,18663,1,1,DRAW,DRAW
2019,J1,2nd Day 18th Sec,2019-07-07 18:03:00,18:03,Nagoya,0-2,Shonan,Paloma Mizuho,14651,0,2,LOSS,WIN
2019,J1,2nd Day 18th Sec,2019-07-07 19:03:00,19:03,FC-Tokyo,3-1,G-Osaka,Ajinomoto,28209,3,1,WIN,LOSS
2019,J1,2nd Day 18th Sec,2019-07-07 19:03:00,19:03,Kawasaki-F,0-0,Tosu,Todoroki,22533,0,0,DRAW,DRAW
2019,J1,1st Day 19th Sec,2019-07-13 18:03:00,18:03,Matsumoto,0-1,Iwata,SUNAL,17188,0,1,LOSS,WIN
2019,J1,1st Day 19th Sec,2019-07-13 19:03:00,19:03,C-Osaka,3-0,Nagoya,YANMAR STADIUM,16382,3,0,WIN,LOSS
2019,J1,1st Day 19th Sec,2019-07-13 19:03:00,19:03,Oita,2-1,Sapporo,SHOWA DENKO.D,12384,2,1,WIN,LOSS
2019,J1,1st Day 19th Sec,2019-07-13 19:03:00,19:03,Sendai,0-4,Kashima,Yurtec.S,17639,0,4,LOSS,WIN
2019,J1,1st Day 19th Sec,2019-07-13 19:03:00,19:03,Yokohama F･M,3-1,Urawa,Nissan.S,33673,3,1,WIN,LOSS
2019,J1,1st Day 19th Sec,2019-07-13 19:04:00,19:04,G-Osaka,1-0,Shimizu,Pana.S,25719,1,0,WIN,LOSS
2019,J1,1st Day 19th Sec,2019-07-13 19:33:00,19:33,Tosu,0-2,Hiroshima,EKI.S,17582,0,2,LOSS,WIN
2019,J1,2nd Day 19th Sec,2019-07-14 19:03:00,19:03,FC-Tokyo,0-3,Kawasaki-F,Ajinomoto,42401,0,3,LOSS,WIN
2019,J1,2nd Day 19th Sec,2019-07-14 19:03:00,19:03,Shonan,3-1,Kobe,BMW.S Hiratsuka,14246,3,1,WIN,LOSS
2019,J1,1st Day 20th Sec,2019-07-20 13:03:00,13:03,Sapporo,5-2,Shonan,Atsubetsu,9055,5,2,WIN,LOSS
2019,J1,1st Day 20th Sec,2019-07-20 18:03:00,18:03,Nagoya,2-2,G-Osaka,Toyota.S,42975,2,2,DRAW,DRAW
2019,J1,1st Day 20th Sec,2019-07-20 18:03:00,18:03,Matsumoto,2-2,Hiroshima,SUNAL,14907,2,2,DRAW,DRAW
2019,J1,1st Day 20th Sec,2019-07-20 18:03:00,18:03,Kobe,0-2,Yokohama F･M,NOEVIR.S,20269,0,2,LOSS,WIN
2019,J1,1st Day 20th Sec,2019-07-20 18:33:00,18:33,Kashima,2-1,Tosu,Kashima,25117,2,1,WIN,LOSS
2019,J1,1st Day 20th Sec,2019-07-20 19:03:00,19:03,Shimizu,0-2,FC-Tokyo,IAI.S,15750,0,2,LOSS,WIN
2019,J1,1st Day 20th Sec,2019-07-20 19:03:00,19:03,Iwata,1-3,Urawa,Ecopa,23060,1,3,LOSS,WIN
2019,J1,1st Day 20th Sec,2019-07-20 19:03:00,19:03,C-Osaka,0-0,Sendai,YANMAR STADIUM,15574,0,0,DRAW,DRAW
2019,J1,2nd Day 20th Sec,2019-07-27 19:03:00,19:03,Kawasaki-F,3-1,Oita,Todoroki,22715,3,1,WIN,LOSS
2019,J1,3rd Day 16th Sec,2019-07-31 19:03:00,19:03,Hiroshima,3-2,Kawasaki-F,EDION Stadium.H,10965,3,2,WIN,LOSS
2019,J1,3rd Day 16th Sec,2019-07-31 19:33:00,19:33,Urawa,1-1,Kashima,Saitama.S,37265,1,1,DRAW,DRAW
2019,J1,1st Day 21st Sec,2019-08-02 19:04:00,19:04,Kobe,2-2,G-Osaka,NOEVIR.S,21276,2,2,DRAW,DRAW
2019,J1,2nd Day 21st Sec,2019-08-03 19:03:00,19:03,Yokohama F･M,0-1,Shimizu,Nissan.S,30898,0,1,LOSS,WIN
2019,J1,2nd Day 21st Sec,2019-08-03 19:03:00,19:03,FC-Tokyo,3-0,C-Osaka,Ajinomoto,28721,3,0,WIN,LOSS
2019,J1,2nd Day 21st Sec,2019-08-03 19:03:00,19:03,Shonan,3-2,Kashima,BMW.S Hiratsuka,14237,3,2,WIN,LOSS
2019,J1,2nd Day 21st Sec,2019-08-03 19:03:00,19:03,Sendai,2-1,Iwata,Yurtec.S,15084,2,1,WIN,LOSS
2019,J1,2nd Day 21st Sec,2019-08-03 19:04:00,19:04,Hiroshima,1-0,Sapporo,EDION Stadium.H,12672,1,0,WIN,LOSS
2019,J1,3rd Day 21st Sec,2019-08-04 19:03:00,19:03,Kawasaki-F,0-0,Matsumoto,Todoroki,22807,0,0,DRAW,DRAW
2019,J1,3rd Day 21st Sec,2019-08-04 19:04:00,19:04,Urawa,2-2,Nagoya,Saitama.S,37238,2,2,DRAW,DRAW
2019,J1,3rd Day 21st Sec,2019-08-04 19:33:00,19:33,Tosu,2-2,Oita,EKI.S,17233,2,2,DRAW,DRAW
2019,J1,1st Day 22nd Sec,2019-08-10 14:05:00,14:05,Sapporo,1-1,Urawa,Sapporo.D,35531,1,1,DRAW,DRAW
2019,J1,1st Day 22nd Sec,2019-08-10 18:03:00,18:03,Shimizu,1-0,Matsumoto,IAI.S,16017,1,0,WIN,LOSS
2019,J1,1st Day 22nd Sec,2019-08-10 18:33:00,18:33,Kashima,2-1,Yokohama F･M,Kashima,29790,2,1,WIN,LOSS
2019,J1,1st Day 22nd Sec,2019-08-10 19:03:00,19:03,FC-Tokyo,1-0,Sendai,Ajinomoto,28435,1,0,WIN,LOSS
2019,J1,1st Day 22nd Sec,2019-08-10 19:03:00,19:03,Nagoya,3-0,Kawasaki-F,Toyota.S,42819,3,0,WIN,LOSS
2019,J1,1st Day 22nd Sec,2019-08-10 19:03:00,19:03,Oita,1-1,Kobe,SHOWA DENKO.D,26085,1,1,DRAW,DRAW
2019,J1,1st Day 22nd Sec,2019-08-10 19:04:00,19:04,G-Osaka,1-1,Hiroshima,Pana.S,30476,1,1,DRAW,DRAW
2019,J1,2nd Day 22nd Sec,2019-08-11 18:03:00,18:03,C-Osaka,1-2,Tosu,YANMAR STADIUM,27571,1,2,LOSS,WIN
2019,J1,2nd Day 22nd Sec,2019-08-11 19:03:00,19:03,Iwata,2-3,Shonan,Yamaha,13762,2,3,LOSS,WIN
2019,J1,1st Day 23rd Sec,2019-08-17 18:03:00,18:03,Shimizu,0-8,Sapporo,IAI.S,14340,0,8,LOSS,WIN
2019,J1,1st Day 23rd Sec,2019-08-17 19:03:00,19:03,Sendai,2-2,Kawasaki-F,Yurtec.S,17860,2,2,DRAW,DRAW
2019,J1,1st Day 23rd Sec,2019-08-17 19:03:00,19:03,Shonan,2-3,Tosu,BMW.S Hiratsuka,13702,2,3,LOSS,WIN
2019,J1,1st Day 23rd Sec,2019-08-17 19:03:00,19:03,Yokohama F･M,1-2,C-Osaka,Nissan.S,28304,1,2,LOSS,WIN
2019,J1,1st Day 23rd Sec,2019-08-17 19:03:00,19:03,Kobe,3-0,Urawa,NOEVIR.S,22513,3,0,WIN,LOSS
2019,J1,1st Day 23rd Sec,2019-08-17 19:03:00,19:03,FC-Tokyo,0-1,Hiroshima,Ajinomoto,30015,0,1,LOSS,WIN
2019,J1,1st Day 23rd Sec,2019-08-17 19:03:00,19:03,Oita,0-1,Kashima,SHOWA DENKO.D,28574,0,1,LOSS,WIN
2019,J1,2nd Day 23rd Sec,2019-08-18 18:03:00,18:03,Matsumoto,1-1,Nagoya,SUNAL,18311,1,1,DRAW,DRAW
2019,J1,2nd Day 23rd Sec,2019-08-18 19:03:00,19:03,G-Osaka,1-1,Iwata,Pana.S,37334,1,1,DRAW,DRAW
2019,J1,1st Day 24th Sec,2019-08-23 19:03:00,19:03,Kashima,2-2,G-Osaka,Kashima,16063,2,2,DRAW,DRAW
2019,J1,1st Day 24th Sec,2019-08-23 19:33:00,19:33,Urawa,1-2,Matsumoto,Saitama.S,27038,1,2,LOSS,WIN
2019,J1,1st Day 24th Sec,2019-08-23 19:34:00,19:34,Tosu,1-6,Kobe,EKI.S,23055,1,6,LOSS,WIN
2019,J1,2nd Day 24th Sec,2019-08-24 13:03:00,13:03,Sapporo,1-1,FC-Tokyo,Sapporo.D,19454,1,1,DRAW,DRAW
2019,J1,2nd Day 24th Sec,2019-08-24 18:03:00,18:03,Nagoya,1-5,Yokohama F･M,Paloma Mizuho,20130,1,5,LOSS,WIN
2019,J1,2nd Day 24th Sec,2019-08-24 19:03:00,19:03,Iwata,0-2,C-Osaka,Yamaha,11482,0,2,LOSS,WIN
2019,J1,2nd Day 24th Sec,2019-08-24 19:03:00,19:03,Sendai,1-1,Shonan,Yurtec.S,17759,1,1,DRAW,DRAW
2019,J1,2nd Day 24th Sec,2019-08-24 19:03:00,19:03,Hiroshima,0-0,Oita,EDION Stadium.H,15420,0,0,DRAW,DRAW
2019,J1,2nd Day 24th Sec,2019-08-24 19:03:00,19:03,Kawasaki-F,2-2,Shimizu,Todoroki,24398,2,2,DRAW,DRAW
2019,J1,1st Day 25th Sec,2019-08-30 19:33:00,19:33,Nagoya,1-2,FC-Tokyo,Paloma Mizuho,20188,1,2,LOSS,WIN
2019,J1,2nd Day 25th Sec,2019-08-31 19:03:00,19:03,Matsumoto,0-0,Oita,SUNAL,16568,0,0,DRAW,DRAW
2019,J1,2nd Day 25th Sec,2019-08-31 19:03:00,19:03,Yokohama F･M,3-1,G-Osaka,NHK SPRING .F,13590,3,1,WIN,LOSS
2019,J1,2nd Day 25th Sec,2019-08-31 19:04:00,19:04,Iwata,0-2,Hiroshima,Yamaha,13051,0,2,LOSS,WIN
2019,J1,2nd Day 25th Sec,2019-08-31 19:04:00,19:04,Kobe,2-3,Sapporo,NOEVIR.S,20825,2,3,LOSS,WIN
2019,J1,2nd Day 25th Sec,2019-08-31 19:33:00,19:33,Tosu,2-1,Sendai,EKI.S,15194,2,1,WIN,LOSS
2019,J1,3rd Day 25th Sec,2019-09-01 18:03:00,18:03,Shimizu,0-4,Kashima,IAI.S,15480,0,4,LOSS,WIN
2019,J1,3rd Day 25th Sec,2019-09-01 18:03:00,18:03,C-Osaka,2-1,Kawasaki-F,YANMAR STADIUM,27201,2,1,WIN,LOSS
2019,J1,3rd Day 25th Sec,2019-09-01 19:03:00,19:03,Shonan,1-1,Urawa,BMW.S Hiratsuka,13569,1,1,DRAW,DRAW
2019,J1,1st Day 26th Sec,2019-09-13 19:33:00,19:33,Shimizu,3-2,Nagoya,IAI.S,15019,3,2,WIN,LOSS
2019,J1,1st Day 26th Sec,2019-09-13 19:33:00,19:33,Urawa,1-2,C-Osaka,Saitama.S,22640,1,2,LOSS,WIN
2019,J1,2nd Day 26th Sec,2019-09-14 14:03:00,14:03,Sapporo,1-3,Sendai,Atsubetsu,11254,1,3,LOSS,WIN
2019,J1,2nd Day 26th Sec,2019-09-14 18:03:00,18:03,Oita,2-1,Shonan,Oita.A,9152,2,1,WIN,LOSS
2019,J1,2nd Day 26th Sec,2019-09-14 19:03:00,19:03,Yokohama F･M,3-0,Hiroshima,NHK SPRING .F,12581,3,0,WIN,LOSS
2019,J1,2nd Day 26th Sec,2019-09-14 19:03:00,19:03,Kawasaki-F,2-0,Iwata,Todoroki,22571,2,0,WIN,LOSS
2019,J1,2nd Day 26th Sec,2019-09-14 19:03:00,19:03,G-Osaka,1-0,Tosu,Pana.S,23287,1,0,WIN,LOSS
2019,J1,2nd Day 26th Sec,2019-09-14 19:03:00,19:03,Kashima,2-0,FC-Tokyo,Kashima,27285,2,0,WIN,LOSS
2019,J1,2nd Day 26th Sec,2019-09-14 19:03:00,19:03,Kobe,2-1,Matsumoto,NOEVIR.S,20215,2,1,WIN,LOSS
2019,J1,1st Day 27th Sec,2019-09-28 14:04:00,14:04,Tosu,3-3,Urawa,EKI.S,14099,3,3,DRAW,DRAW
2019,J1,1st Day 27th Sec,2019-09-28 14:06:00,14:06,C-Osaka,3-1,G-Osaka,YANMAR STADIUM,36990,3,1,WIN,LOSS
2019,J1,1st Day 27th Sec,2019-09-28 15:06:00,15:06,Kashima,1-1,Sapporo,Kashima,19314,1,1,DRAW,DRAW
2019,J1,1st Day 27th Sec,2019-09-28 17:05:00,17:05,Kawasaki-F,1-2,Kobe,Todoroki,22923,1,2,LOSS,WIN
2019,J1,1st Day 27th Sec,2019-09-28 18:04:00,18:04,Oita,1-2,Iwata,Oita.A,9031,1,2,LOSS,WIN
2019,J1,1st Day 27th Sec,2019-09-28 19:04:00,19:04,Sendai,1-1,Yokohama F･M,Yurtec.S,15688,1,1,DRAW,DRAW
2019,J1,1st Day 27th Sec,2019-09-28 19:05:00,19:05,Hiroshima,1-1,Nagoya,EDION Stadium.H,10880,1,1,DRAW,DRAW
2019,J1,2nd Day 27th Sec,2019-09-29 14:05:00,14:05,Matsumoto,0-0,FC-Tokyo,SUNAL,19271,0,0,DRAW,DRAW
2019,J1,2nd Day 27th Sec,2019-09-29 19:05:00,19:05,Shonan,0-6,Shimizu,BMW.S Hiratsuka,12042,0,6,LOSS,WIN
2019,J1,1st Day 28th Sec,2019-10-04 19:03:00,19:03,G-Osaka,5-0,Sapporo,Pana.S,20554,5,0,WIN,LOSS
2019,J1,2nd Day 28th Sec,2019-10-05 14:03:00,14:03,Nagoya,1-1,Oita,Paloma Mizuho,17648,1,1,DRAW,DRAW
2019,J1,2nd Day 28th Sec,2019-10-05 14:03:00,14:03,Tosu,2-1,FC-Tokyo,EKI.S,11616,2,1,WIN,LOSS
2019,J1,2nd Day 28th Sec,2019-10-05 14:03:00,14:03,Sendai,0-1,Matsumoto,Yurtec.S,15285,0,1,LOSS,WIN
2019,J1,2nd Day 28th Sec,2019-10-05 14:04:00,14:04,Iwata,0-2,Yokohama F･M,Yamaha,12464,0,2,LOSS,WIN
2019,J1,2nd Day 28th Sec,2019-10-05 16:03:00,16:03,Hiroshima,6-2,Kobe,EDION Stadium.H,29666,6,2,WIN,LOSS
2019,J1,3rd Day 28th Sec,2019-10-06 15:03:00,15:03,C-Osaka,0-1,Kashima,YANMAR STADIUM,23001,0,1,LOSS,WIN
2019,J1,3rd Day 28th Sec,2019-10-06 17:04:00,17:04,Urawa,2-1,Shimizu,Saitama.S,34131,2,1,WIN,LOSS
2019,J1,3rd Day 28th Sec,2019-10-06 19:03:00,19:03,Shonan,0-5,Kawasaki-F,BMW.S Hiratsuka,13084,0,5,LOSS,WIN
2019,J1,1st Day 29th Sec,2019-10-18 19:03:00,19:03,Sapporo,0-1,C-Osaka,Sapporo.D,12443,0,1,LOSS,WIN
2019,J1,1st Day 29th Sec,2019-10-18 19:04:00,19:04,Matsumoto,1-1,Kashima,SUNAL,19479,1,1,DRAW,DRAW
2019,J1,1st Day 29th Sec,2019-10-18 19:34:00,19:34,Urawa,0-1,Oita,Saitama.S,19698,0,1,LOSS,WIN
2019,J1,2nd Day 29th Sec,2019-10-19 13:04:00,13:04,Kobe,1-3,FC-Tokyo,NOEVIR.S,20413,1,3,LOSS,WIN
2019,J1,2nd Day 29th Sec,2019-10-19 14:03:00,14:03,Nagoya,0-2,Sendai,Paloma Mizuho,15485,0,2,LOSS,WIN
2019,J1,2nd Day 29th Sec,2019-10-19 14:03:00,14:03,Shimizu,1-2,Hiroshima,IAI.S,11572,1,2,LOSS,WIN
2019,J1,2nd Day 29th Sec,2019-10-19 14:03:00,14:03,Yokohama F･M,3-1,Shonan,NHK SPRING .F,12962,3,1,WIN,LOSS
2019,J1,2nd Day 29th Sec,2019-10-19 14:04:00,14:04,G-Osaka,2-2,Kawasaki-F,Pana.S,25748,2,2,DRAW,DRAW
2019,J1,2nd Day 29th Sec,2019-10-19 15:04:00,15:04,Iwata,2-2,Tosu,Yamaha,9416,2,2,DRAW,DRAW
2019,J1,1st Day 31st Sec,2019-10-29 19:03:00,19:03,Hiroshima,1-1,Urawa,EDION Stadium.H,6710,1,1,DRAW,DRAW
2019,J1,1st Day 30th Sec,2019-11-01 19:03:00,19:03,Kashima,1-0,Urawa,Kashima,14439,1,0,WIN,LOSS
2019,J1,2nd Day 30th Sec,2019-11-02 13:03:00,13:03,Kobe,2-0,Sendai,NOEVIR.S,18975,2,0,WIN,LOSS
2019,J1,2nd Day 30th Sec,2019-11-02 14:03:00,14:03,Tosu,1-2,Yokohama F･M,EKI.S,12792,1,2,LOSS,WIN
2019,J1,2nd Day 30th Sec,2019-11-02 14:03:00,14:03,Shimizu,1-2,Iwata,IAI.S,17762,1,2,LOSS,WIN
2019,J1,2nd Day 30th Sec,2019-11-02 14:03:00,14:03,Sapporo,3-0,Nagoya,Sapporo.D,19943,3,0,WIN,LOSS
2019,J1,2nd Day 30th Sec,2019-11-02 15:04:00,15:04,C-Osaka,1-1,Matsumoto,YANMAR STADIUM,15696,1,1,DRAW,DRAW
2019,J1,2nd Day 30th Sec,2019-11-02 15:05:00,15:05,Kawasaki-F,2-1,Hiroshima,Todoroki,23910,2,1,WIN,LOSS
2019,J1,2nd Day 30th Sec,2019-11-02 15:05:00,15:05,Oita,0-2,FC-Tokyo,SHOWA DENKO.D,14359,0,2,LOSS,WIN
2019,J1,3rd Day 30th Sec,2019-11-03 16:03:00,16:03,Shonan,0-3,G-Osaka,BMW.S Hiratsuka,13570,0,3,LOSS,WIN
2019,J1,1st Day 32nd Sec,2019-11-05 18:34:00,18:34,Urawa,0-2,Kawasaki-F,Saitama.S,21817,0,2,LOSS,WIN
2019,J1,2nd Day 31st Sec,2019-11-09 14:03:00,14:03,Nagoya,3-0,Kobe,Toyota.S,37194,3,0,WIN,LOSS
2019,J1,2nd Day 31st Sec,2019-11-09 14:03:00,14:03,Yokohama F･M,4-2,Sapporo,NHK SPRING .F,13617,4,2,WIN,LOSS
2019,J1,2nd Day 31st Sec,2019-11-09 14:03:00,14:03,Iwata,0-1,FC-Tokyo,Yamaha,13328,0,1,LOSS,WIN
2019,J1,2nd Day 31st Sec,2019-11-09 14:03:00,14:03,Kashima,0-2,Kawasaki-F,Kashima,23195,0,2,LOSS,WIN
2019,J1,2nd Day 31st Sec,2019-11-09 15:03:00,15:03,C-Osaka,1-0,Shonan,YANMAR STADIUM,14225,1,0,WIN,LOSS
2019,J1,3rd Day 31st Sec,2019-11-10 13:10:00,13:10,Sendai,2-0,Shimizu,Yurtec.S ,15553,2,0,WIN,LOSS
2019,J1,3rd Day 31st Sec,2019-11-10 14:03:00,14:03,Oita,2-1,G-Osaka,SHOWA DENKO.D,17022,2,1,WIN,LOSS
2019,J1,3rd Day 31st Sec,2019-11-10 15:03:00,15:03,Tosu,1-0,Matsumoto,EKI.S,16313,1,0,WIN,LOSS
2019,J1,2nd Day 32nd Sec,2019-11-23 13:03:00,13:03,Kobe,1-0,C-Osaka,NOEVIR.S,23744,1,0,WIN,LOSS
2019,J1,2nd Day 32nd Sec,2019-11-23 14:03:00,14:03,Nagoya,0-0,Tosu,Toyota.S,26124,0,0,DRAW,DRAW
2019,J1,2nd Day 32nd Sec,2019-11-23 14:03:00,14:03,FC-Tokyo,1-1,Shonan,Ajinomoto,34250,1,1,DRAW,DRAW
2019,J1,2nd Day 32nd Sec,2019-11-23 14:03:00,14:03,Sapporo,1-2,Iwata,Sapporo.D,19785,1,2,LOSS,WIN
2019,J1,2nd Day 32nd Sec,2019-11-23 14:03:00,14:03,Hiroshima,0-0,Kashima,EDION Stadium.H,17033,0,0,DRAW,DRAW
2019,J1,2nd Day 32nd Sec,2019-11-23 14:04:00,14:04,Shimizu,1-1,Oita,IAI.S,16747,1,1,DRAW,DRAW
2019,J1,2nd Day 32nd Sec,2019-11-23 14:04:00,14:04,Matsumoto,0-1,Yokohama F･M,SUNAL,19744,0,1,LOSS,WIN
2019,J1,2nd Day 32nd Sec,2019-11-23 15:04:00,15:04,G-Osaka,2-0,Sendai,Pana.S,26256,2,0,WIN,LOSS
2019,J1,1st Day 33rd Sec,2019-11-30 14:03:00,14:03,Tosu,0-2,Sapporo,EKI.S,17512,0,2,LOSS,WIN
2019,J1,1st Day 33rd Sec,2019-11-30 14:03:00,14:03,Kashima,1-3,Kobe,Kashima,34312,1,3,LOSS,WIN
2019,J1,1st Day 33rd Sec,2019-11-30 14:03:00,14:03,G-Osaka,4-1,Matsumoto,Pana.S,25635,4,1,WIN,LOSS
2019,J1,1st Day 33rd Sec,2019-11-30 14:03:00,14:03,Iwata,2-1,Nagoya,Yamaha,14963,2,1,WIN,LOSS
2019,J1,1st Day 33rd Sec,2019-11-30 14:03:00,14:03,Shonan,1-0,Hiroshima,BMW.S Hiratsuka,12235,1,0,WIN,LOSS
2019,J1,1st Day 33rd Sec,2019-11-30 14:03:00,14:03,C-Osaka,2-1,Shimizu,YANMAR STADIUM,21562,2,1,WIN,LOSS
2019,J1,1st Day 33rd Sec,2019-11-30 14:03:00,14:03,Sendai,2-0,Oita,Yurtec.S,13894,2,0,WIN,LOSS
2019,J1,1st Day 33rd Sec,2019-11-30 14:04:00,14:04,FC-Tokyo,1-1,Urawa,Ajinomoto,40202,1,1,DRAW,DRAW
2019,J1,1st Day 33rd Sec,2019-11-30 14:04:00,14:04,Kawasaki-F,1-4,Yokohama F･M,Todoroki,23893,1,4,LOSS,WIN
2019,J1,1st Day 34th Sec,2019-12-07 14:03:00,14:03,Hiroshima,1-0,Sendai,EDION Stadium.H,13228,1,0,WIN,LOSS
2019,J1,1st Day 34th Sec,2019-12-07 14:03:00,14:03,Shimizu,1-0,Tosu,IAI.S,15756,1,0,WIN,LOSS
2019,J1,1st Day 34th Sec,2019-12-07 14:03:00,14:03,Sapporo,1-2,Kawasaki-F,Sapporo.D,26399,1,2,LOSS,WIN
2019,J1,1st Day 34th Sec,2019-12-07 14:03:00,14:03,Nagoya,0-1,Kashima,Toyota.S,33133,0,1,LOSS,WIN
2019,J1,1st Day 34th Sec,2019-12-07 14:03:00,14:03,Yokohama F･M,3-0,FC-Tokyo,Nissan.S,63854,3,0,WIN,LOSS
2019,J1,1st Day 34th Sec,2019-12-07 14:03:00,14:03,Kobe,4-1,Iwata,NOEVIR.S,25243,4,1,WIN,LOSS
2019,J1,1st Day 34th Sec,2019-12-07 14:03:00,14:03,Oita,0-2,C-Osaka,SHOWA DENKO.D,17233,0,2,LOSS,WIN
2019,J1,1st Day 34th Sec,2019-12-07 14:04:00,14:04,Urawa,2-3,G-Osaka,Saitama.S,47188,2,3,LOSS,WIN
2019,J1,1st Day 34th Sec,2019-12-07 14:04:00,14:04,Matsumoto,1-1,Shonan,SUNAL,16881,1,1,DRAW,DRAW
